machine_age_years,operating_hours_week,temperature_c,vibration_rms_mm_s,vibration_peak_mm_s,pressure_bar,load_factor_pct,maintenance_delay_days,prior_failures_12mo,operator_experience_years,ambient_humidity_pct,shift_code,failure_30d
14.04,46.6,100.98,2.896,3.727,7.67,45.26,16,1,1.13,27.54,2,0
8.18,47.41,57.34,7.625,11.678,9.12,87.65,30,0,10.35,65.21,3,0
15.53,45.47,52.92,2.989,4.341,6.72,74.95,58,0,7.53,93.2,3,0
12.7,33.5,104.96,9.822,13.445,8.05,54.34,46,0,2.46,43.11,2,0
2.15,114.38,85.31,2.896,4.72,3.27,101.44,60,0,2.12,20.09,3,0
17.57,60.2,38.32,2.977,5.003,4.01,60.4,20,0,3.06,93.26,2,0
13.82,42.47,39.33,8.7,12.45,6.81,59.92,53,1,4.12,51.05,1,1
14.26,104.67,36.79,3.035,5.375,12.98,59.09,23,2,15.08,52.32,2,0
2.74,59.92,76.97,4.12,6.11,6.19,93.72,57,2,7.63,73.45,3,0
8.38,23.51,40.01,7.375,10.107,5.0,89.43,52,0,8.74,65.33,3,1
6.99,36.19,100.34,2.26,4.167,10.91,103.22,10,2,11.97,42.65,2,0
16.72,83.93,100.58,2.263,2.974,13.39,56.05,59,2,19.2,27.5,3,1
11.77,98.29,73.22,5.274,7.15,7.51,95.05,37,0,15.13,82.05,1,0
14.9,41.09,78.16,3.042,5.656,2.1,80.11,47,0,12.91,56.25,1,0
8.26,111.74,55.43,2.968,5.467,10.26,61.61,35,0,14.88,70.44,2,0
4.48,105.1,39.48,0.885,1.187,6.98,42.48,13,0,14.39,84.54,1,0
10.21,104.84,86.62,4.208,5.273,10.08,97.33,60,0,13.8,21.33,3,0
1.62,42.77,42.13,3.728,6.35,5.33,56.87,6,0,9.93,84.45,1,0
14.98,25.05,40.99,1.087,2.187,2.03,84.22,49,0,11.34,76.38,2,0
11.55,106.74,56.79,6.515,9.08,6.13,78.42,12,0,9.23,91.01,3,0
13.77,50.58,35.87,6.565,8.573,10.46,40.31,47,0,7.9,37.52,1,0
6.7,81.89,65.38,1.451,2.258,6.72,109.6,25,0,5.42,44.18,1,0
17.49,96.0,84.54,3.717,4.998,4.63,97.0,14,1,7.1,69.61,2,0
16.13,32.83,91.09,8.83,11.322,7.57,74.05,14,3,8.57,89.43,3,1
14.12,98.08,77.3,6.156,8.427,11.03,87.62,19,0,11.59,94.45,1,0
3.91,113.85,94.28,4.59,6.436,3.43,73.36,54,0,10.0,51.26,1,0
8.67,92.84,63.46,5.079,6.519,10.3,92.12,46,1,2.16,60.44,3,0
1.27,64.12,94.41,2.716,4.48,10.01,49.4,40,0,6.8,32.79,2,0
3.2,107.67,70.45,8.269,12.324,6.45,71.24,38,2,7.52,72.05,3,1
12.45,72.75,50.61,9.209,13.305,13.64,63.49,25,0,14.14,82.8,1,0
13.53,94.48,101.09,9.178,12.142,12.74,72.18,54,0,6.66,79.9,1,1
17.43,102.05,54.25,2.86,4.542,5.79,71.53,16,0,0.16,45.94,2,0
6.2,94.94,36.83,3.659,5.01,2.37,50.02,57,0,1.69,92.24,1,0
6.98,48.79,51.99,2.278,1.963,5.7,108.35,23,0,9.94,29.03,2,0
8.72,31.78,60.67,3.626,5.501,4.46,41.08,20,0,3.77,57.05,3,0
3.82,43.83,59.59,3.862,5.345,8.57,40.71,29,1,9.89,61.59,3,0
2.77,70.29,71.73,6.625,11.277,13.02,66.14,45,0,11.48,60.24,3,0
8.82,70.53,96.82,2.545,4.747,12.44,83.43,43,0,18.67,76.84,2,0
4.47,78.26,55.46,9.258,13.139,5.67,52.58,46,0,13.11,65.72,3,0
12.22,59.51,71.45,1.749,2.585,7.14,77.32,5,0,0.62,25.78,2,0
8.15,98.69,58.81,0.863,1.313,2.44,90.59,9,0,7.61,33.49,2,0
15.07,111.32,92.52,8.665,10.795,8.53,46.58,51,0,15.87,59.92,3,0
12.75,44.67,46.03,7.275,8.256,2.76,108.91,59,0,5.21,72.09,3,0
5.97,93.65,42.25,4.069,4.708,13.26,63.57,7,1,18.5,58.56,3,1
15.06,87.8,70.21,6.279,8.433,12.4,84.97,55,0,10.58,46.66,1,0
14.58,72.31,82.03,2.857,1.961,4.57,47.75,16,0,1.85,23.84,3,0
7.28,38.85,90.69,2.349,2.682,10.39,89.66,59,1,4.83,78.94,3,1
5.55,99.52,76.27,5.135,6.709,8.82,98.83,60,0,18.13,57.29,3,0
12.44,116.06,89.17,4.049,5.273,11.62,47.37,38,0,19.83,60.41,1,0
2.95,92.18,62.49,6.46,8.126,7.71,48.81,11,0,17.26,55.17,2,0
4.0,111.79,37.3,2.807,3.482,4.3,59.67,48,1,6.41,39.9,3,0
0.63,118.42,43.13,6.899,10.865,9.68,40.84,6,0,15.38,40.73,3,0
14.27,55.21,37.71,7.855,11.2,2.96,109.02,20,0,4.44,24.76,1,1
12.13,83.82,58.03,2.333,2.645,9.02,81.89,38,1,7.69,73.07,2,0
12.84,67.39,69.68,1.203,1.563,4.55,82.53,4,0,13.94,40.39,3,0
14.16,118.66,59.94,4.844,6.514,10.22,107.13,23,1,19.38,42.39,3,0
8.53,29.38,74.24,7.921,10.002,11.94,98.24,48,0,8.78,94.51,1,0
10.45,61.24,68.64,6.787,8.47,3.31,97.0,5,0,9.92,48.94,3,0
2.95,107.55,82.46,7.257,10.707,6.8,63.77,22,0,4.4,58.3,3,1
2.5,48.41,81.69,4.506,5.705,10.8,63.44,0,1,8.06,48.99,1,0
12.2,98.78,57.26,2.961,3.013,3.96,60.42,40,1,1.26,41.76,1,0
8.74,58.28,59.24,5.692,7.646,8.8,64.27,4,0,17.17,20.44,1,0
10.39,118.0,75.96,2.68,3.724,10.06,65.87,17,0,0.47,84.12,1,0
13.89,108.35,76.75,7.481,8.324,6.26,49.8,31,0,13.67,55.49,3,0
11.61,50.13,57.03,2.612,3.49,11.98,64.92,13,0,5.46,73.99,2,0
10.19,97.02,58.12,3.48,5.479,8.13,71.27,14,1,9.52,91.9,3,0
10.29,53.69,83.58,5.46,7.777,9.52,61.65,50,0,5.63,20.21,1,0
5.82,80.64,80.32,5.278,9.132,3.69,51.57,47,0,8.0,70.63,2,0
1.04,85.85,44.45,6.328,9.669,2.28,66.14,4,0,10.94,28.9,3,0
8.14,102.96,65.87,4.824,7.817,2.61,73.66,52,0,12.82,54.35,3,0
4.26,22.45,97.49,9.259,15.02,12.85,90.45,28,0,18.81,83.51,1,1
7.65,42.02,37.54,8.527,12.194,12.59,89.79,8,0,6.64,25.36,2,1
15.43,91.19,94.86,8.888,12.145,11.69,54.19,55,0,11.7,94.22,2,0
4.59,76.35,46.42,6.592,9.775,4.4,42.57,20,2,18.03,63.56,2,0
1.52,69.56,70.51,6.642,8.463,8.31,61.27,19,0,5.8,49.62,2,0
5.42,25.52,64.7,6.405,8.743,11.55,51.0,8,1,17.3,21.46,2,0
5.64,54.83,35.71,4.801,5.898,10.1,67.71,54,0,19.15,64.01,3,1
12.08,106.51,99.08,3.763,5.439,3.39,108.55,17,0,16.95,57.12,1,0
10.25,23.09,66.84,6.246,7.846,12.75,52.67,36,1,11.4,36.15,1,0
14.22,59.64,101.8,1.035,0.779,3.93,62.32,14,0,14.44,56.78,2,0
12.13,114.51,55.07,0.869,1.545,4.06,90.76,54,0,9.62,20.96,2,0
7.61,25.09,95.64,8.635,11.533,12.81,75.64,47,0,11.95,94.96,3,1
14.75,94.97,99.57,1.227,0.5,7.82,43.07,30,0,19.49,44.91,3,0
3.42,45.76,73.98,5.628,6.288,6.47,51.32,21,1,5.02,56.02,1,0
0.9,106.66,49.19,6.458,7.686,8.64,105.47,39,0,15.85,78.86,2,0
2.08,94.61,82.97,2.623,2.747,13.78,47.22,30,0,10.12,73.46,3,0
13.14,108.57,73.43,9.041,12.578,3.44,84.46,57,0,3.54,86.64,3,1
8.58,41.59,101.12,2.549,3.638,11.08,95.46,41,0,12.87,90.6,3,0
3.32,73.13,65.75,8.938,13.024,6.01,58.58,1,1,15.85,34.19,2,0
9.27,97.93,53.8,7.82,11.234,3.4,90.76,50,0,11.38,49.28,1,0
3.17,44.57,44.68,3.015,5.035,7.06,51.89,11,2,16.75,71.51,1,0
12.69,43.07,83.9,2.187,3.5,8.59,59.93,18,0,7.32,23.38,3,0
8.31,22.72,103.19,3.709,5.196,4.47,61.83,26,0,18.28,73.77,2,0
7.17,115.85,36.98,4.461,7.012,6.86,109.75,12,0,12.97,20.37,3,0
5.78,91.0,86.83,3.061,4.96,9.63,55.02,57,0,16.06,88.56,1,1
11.53,83.56,99.89,9.99,13.825,8.92,49.04,59,1,5.46,73.86,2,1
6.83,94.4,40.23,2.913,5.076,10.68,104.8,9,0,8.92,62.41,3,1
2.03,73.16,42.71,8.442,9.285,12.04,51.34,19,0,18.19,52.17,1,0
2.57,67.61,83.44,2.264,2.795,6.91,101.55,22,1,1.02,94.1,1,0
17.33,64.95,80.36,9.818,12.979,7.08,85.53,40,0,8.08,75.24,1,0
16.4,84.04,39.82,2.875,4.918,7.96,80.38,36,0,15.61,80.55,1,0
12.74,40.15,93.41,4.68,7.732,8.8,92.59,41,0,14.88,81.9,2,0
5.15,108.81,71.64,5.939,6.712,3.3,90.82,1,0,17.03,21.64,1,0
17.46,101.18,98.5,1.907,3.844,5.75,47.74,31,1,14.79,24.1,1,1
14.13,54.96,96.46,8.315,10.171,4.06,109.96,12,0,18.94,34.88,2,1
13.05,77.86,91.88,3.327,3.465,6.63,105.93,13,0,9.97,69.14,1,0
8.36,34.1,71.11,5.853,7.691,13.68,102.76,47,0,12.49,66.8,2,0
5.26,117.23,52.62,5.857,7.62,8.99,83.56,8,0,16.95,44.39,3,0
2.19,110.29,70.42,6.344,7.162,7.15,76.6,1,0,14.03,92.97,3,0
16.3,112.19,42.06,1.31,2.354,8.79,77.54,29,0,2.04,26.98,3,0
8.48,53.22,81.12,2.351,3.786,10.03,41.05,44,1,7.34,78.25,3,0
4.04,36.91,44.38,2.283,4.031,7.22,74.96,31,0,11.05,56.07,3,0
5.85,41.18,70.78,3.579,4.441,7.37,83.66,9,0,15.09,51.41,1,0
10.64,29.0,38.81,2.133,2.844,10.42,86.11,47,0,10.87,21.92,3,0
3.59,32.01,55.97,9.282,12.503,2.73,63.25,23,0,15.55,74.58,2,0
15.49,27.13,51.25,5.519,8.97,8.48,72.99,43,0,16.75,77.87,1,0
13.77,118.98,78.4,6.537,6.274,8.57,84.54,12,0,5.3,43.92,2,0
13.09,27.41,90.08,4.089,4.659,11.08,69.98,55,2,12.32,58.77,1,0
8.06,33.25,39.01,3.341,4.516,13.79,107.35,17,0,11.14,65.48,2,0
11.48,102.73,94.52,5.429,6.352,11.55,89.38,59,0,4.55,47.57,2,0
10.72,78.02,95.25,3.508,4.503,8.05,40.09,23,0,9.8,66.17,1,0
11.87,97.44,58.96,3.962,5.235,4.03,41.63,44,0,10.97,52.56,2,0
1.98,83.09,81.13,4.965,6.111,9.06,88.32,30,0,16.35,85.86,1,0
7.78,108.22,63.18,5.453,7.419,12.01,68.89,4,0,9.22,73.89,1,0
1.23,83.85,45.79,9.856,13.871,13.19,98.76,5,0,1.62,28.29,1,0
9.14,72.21,72.01,2.855,3.641,11.9,52.11,24,0,9.75,79.97,3,0
6.27,91.27,41.05,5.289,6.733,4.27,40.97,11,0,16.76,45.31,2,0
3.03,64.74,96.49,2.176,2.788,10.55,67.17,37,0,11.43,90.17,1,0
2.31,54.61,99.7,4.02,5.42,12.56,91.52,8,0,6.38,65.25,3,0
10.78,66.77,92.51,7.399,8.423,10.17,108.02,36,0,18.42,22.07,2,0
3.49,36.97,74.38,2.405,3.662,10.23,101.86,12,2,3.11,75.08,1,0
16.69,99.66,74.03,6.148,7.894,8.0,73.89,11,0,6.54,29.81,2,0
10.67,46.07,103.92,4.634,7.391,9.64,96.9,22,0,8.74,85.8,1,0
6.57,35.35,52.35,1.275,2.253,5.53,44.92,35,1,14.76,91.12,2,0
10.84,44.64,40.32,9.384,13.722,3.07,80.06,24,0,16.71,72.14,3,0
0.9,104.21,74.34,4.605,5.307,11.93,104.7,21,0,1.17,59.97,1,0
17.27,53.02,58.01,8.012,10.482,13.32,67.75,20,0,15.84,65.15,3,0
8.94,88.6,57.56,4.63,5.132,12.28,107.21,20,0,14.41,52.16,1,0
14.2,105.64,35.5,9.424,12.087,6.01,55.45,24,0,17.89,26.27,2,0
1.95,27.77,76.74,3.472,5.815,3.12,47.39,50,0,18.01,89.66,3,0
9.02,96.5,53.48,4.593,7.539,5.36,76.73,35,1,15.55,44.69,1,0
9.09,50.77,48.15,7.782,9.472,12.11,103.51,25,1,3.8,43.46,3,0
16.91,41.66,37.83,3.962,4.936,9.87,61.79,45,0,6.28,34.35,1,1
10.51,88.89,60.51,4.152,5.537,13.6,96.01,32,0,18.73,94.43,2,0
8.79,110.98,96.53,9.952,13.963,6.11,51.84,57,0,11.96,90.69,1,1
5.17,49.5,58.57,5.912,6.397,8.62,92.19,34,0,10.78,46.21,1,0
6.3,76.88,82.54,7.142,8.199,11.48,78.99,13,0,18.31,39.5,2,0
9.61,48.98,87.96,6.72,9.512,4.81,52.25,34,0,17.48,80.4,2,0
8.18,75.43,57.97,8.417,9.609,13.57,90.27,47,0,14.55,51.7,3,0
0.88,82.19,92.51,8.729,11.382,9.11,89.96,13,2,17.65,92.58,1,0
14.96,81.03,83.43,5.982,8.222,2.09,76.08,12,0,2.28,87.59,2,0
16.18,82.35,74.15,3.51,5.112,2.3,55.78,36,0,15.15,76.96,1,0
2.95,33.51,35.07,1.01,1.236,12.59,49.26,53,0,19.31,26.74,3,0
10.2,89.35,37.46,6.453,8.382,9.74,107.01,20,0,0.98,72.66,1,1
2.4,87.48,104.36,8.394,12.092,11.16,85.91,30,0,4.46,94.04,3,1
12.26,88.26,89.76,4.945,6.932,11.41,96.65,39,0,15.88,48.0,1,0
5.42,27.41,100.63,2.315,2.543,7.05,88.79,40,0,10.4,86.12,2,0
12.04,64.68,98.16,3.45,4.692,11.58,98.06,8,1,1.73,50.61,1,0
13.22,60.9,36.43,5.492,7.759,13.25,51.37,24,2,5.36,92.85,3,1
13.95,28.67,90.43,8.497,13.018,4.07,74.79,60,0,6.48,69.02,1,0
2.39,42.24,66.58,2.38,3.921,11.17,86.7,54,0,6.42,27.24,3,0
16.53,64.1,90.27,6.432,9.776,5.69,47.24,47,0,17.55,55.93,3,0
4.53,94.29,35.47,7.731,9.887,5.86,50.5,1,0,13.24,23.73,2,0
1.15,43.71,55.17,9.412,12.234,6.95,84.38,25,3,14.7,49.63,2,0
10.21,102.97,87.59,1.874,2.318,12.36,100.81,3,0,0.27,88.65,2,0
6.99,74.58,90.51,9.323,12.457,2.26,86.23,18,0,8.55,37.42,2,1
15.02,96.04,78.38,6.334,7.643,7.21,42.53,52,2,6.36,91.29,2,1
14.64,67.26,56.09,7.854,11.742,10.16,107.93,23,0,17.04,27.49,1,0
6.05,69.92,56.73,1.295,2.543,3.32,49.77,10,0,19.08,69.86,1,0
17.18,81.97,102.67,5.457,7.091,11.51,56.28,43,0,8.47,92.43,3,0
5.59,112.8,65.74,6.528,9.391,13.3,108.25,46,0,19.46,69.06,3,0
9.51,69.18,66.3,3.623,5.091,3.09,93.97,39,0,0.29,87.43,1,0
4.98,72.87,73.66,4.771,7.089,3.84,105.56,49,2,6.51,94.33,3,0
16.88,80.2,63.67,5.9,6.755,13.69,96.46,42,0,15.5,68.14,1,0
3.38,93.75,73.69,5.883,7.812,4.37,85.62,38,0,7.2,78.67,2,0
1.29,27.19,65.26,1.185,1.548,2.95,59.92,54,0,18.42,22.4,2,0
8.11,71.57,92.87,4.843,7.1,13.43,62.88,19,0,4.37,52.05,3,0
17.87,68.16,98.63,2.767,3.17,12.71,106.31,27,0,15.91,41.62,3,0
16.1,112.17,100.25,9.234,10.215,9.87,100.24,34,1,4.03,81.81,3,1
13.6,69.35,74.5,9.785,12.236,8.62,65.16,40,0,3.94,70.82,3,0
16.09,66.83,65.95,3.557,4.747,13.03,66.13,29,0,8.91,66.08,2,0
16.14,116.22,84.37,2.412,3.313,9.87,60.84,26,0,18.9,89.87,2,0
9.58,65.06,93.68,2.819,5.322,9.9,62.83,10,0,11.71,26.67,2,0
6.03,38.09,74.41,5.195,7.538,12.12,100.25,38,0,12.7,91.54,2,0
14.01,41.69,84.0,8.845,12.015,9.84,40.74,7,1,0.19,27.56,2,0
12.08,29.52,87.48,5.4,7.261,8.04,70.52,28,0,1.13,46.03,1,0
7.04,20.06,82.35,1.31,2.762,6.68,106.0,24,1,1.34,67.27,1,0
2.15,63.19,87.23,1.167,1.044,8.04,77.98,47,1,16.39,45.61,2,0
13.57,96.92,49.61,2.892,3.778,8.27,71.53,29,0,4.74,71.19,1,0
5.09,93.35,69.89,8.553,10.567,6.33,61.87,0,0,6.58,78.16,2,0
16.89,23.21,76.18,6.518,10.076,7.38,45.17,30,1,12.2,82.14,3,0
4.72,77.0,35.17,5.979,8.425,11.62,55.71,13,2,11.68,33.45,1,0
2.65,35.43,94.92,3.735,4.405,7.0,46.33,23,0,8.21,33.66,1,0
15.04,114.11,77.7,9.351,12.52,2.31,48.87,18,0,0.09,23.92,1,1
3.18,36.74,44.04,3.847,5.652,5.4,51.45,10,0,8.99,56.81,3,0
3.64,82.66,92.14,8.481,11.224,4.78,61.14,57,1,14.78,30.32,3,1
10.99,52.62,85.19,9.042,11.726,11.52,40.77,15,2,4.7,43.89,3,0
15.8,84.16,88.08,5.247,6.494,7.39,106.51,30,2,14.17,83.03,1,1
3.94,61.23,62.44,9.027,12.492,5.36,48.67,50,0,0.3,91.15,2,1
5.93,95.96,94.79,3.347,4.196,11.73,66.82,22,0,18.16,81.66,1,0
14.1,43.07,63.98,6.858,8.849,2.23,101.57,57,1,19.0,20.05,1,1
17.51,110.58,74.94,1.609,0.97,4.09,47.46,24,0,0.05,62.6,3,0
9.26,70.02,35.04,5.16,7.036,11.92,73.85,57,2,9.16,32.5,3,1
3.02,95.61,80.14,2.799,3.616,8.61,99.13,27,0,8.28,48.18,3,0
0.74,104.97,85.27,1.377,1.57,11.28,78.99,0,1,16.84,52.09,2,0
4.52,119.88,74.7,0.834,1.305,12.06,54.72,52,0,10.81,90.72,2,0
2.81,42.39,69.76,3.788,5.787,13.3,91.49,52,0,12.23,67.53,3,0
12.36,48.69,91.7,6.224,9.033,2.76,87.69,58,0,4.05,40.07,2,0
2.63,45.04,82.7,4.988,7.231,11.59,65.35,7,0,1.54,68.21,2,0
9.36,46.29,54.47,3.576,4.611,10.51,43.24,51,0,13.85,91.39,1,0
12.65,78.24,102.14,9.919,12.88,4.48,40.55,20,1,12.41,24.44,3,1
10.67,119.35,84.51,9.444,11.809,13.18,97.78,51,0,16.65,81.2,3,0
4.0,119.03,104.16,1.956,2.107,6.85,62.51,58,0,16.89,36.27,2,1
14.57,72.68,102.99,4.619,6.253,12.65,49.64,12,0,12.62,31.48,1,0
13.02,83.9,99.32,6.769,8.431,9.26,76.3,22,3,10.77,87.42,3,1
13.43,106.0,87.88,7.548,10.276,8.32,104.46,16,1,18.28,20.14,3,0
2.79,113.29,77.66,4.171,4.761,3.91,40.59,18,1,16.03,75.58,2,0
2.67,40.39,47.05,7.666,8.854,12.97,43.93,36,1,17.65,26.54,1,0
16.73,72.85,73.03,1.942,3.359,8.68,69.19,25,0,19.92,66.35,3,0
7.46,103.28,88.58,3.853,4.774,2.07,87.32,40,2,8.07,66.57,2,0
5.77,50.32,71.46,7.391,9.225,2.22,73.33,41,0,14.34,84.71,3,0
9.05,63.98,95.78,6.556,7.867,11.33,102.83,12,0,13.76,81.7,2,0
12.1,118.56,42.68,8.502,11.859,3.94,43.09,2,0,3.48,71.39,2,1
17.22,118.5,61.67,1.231,2.899,9.18,63.81,45,0,12.73,48.54,1,0
5.51,110.61,70.42,2.404,2.883,10.17,64.59,11,1,8.56,32.48,2,0
16.68,99.84,65.26,1.246,1.488,5.35,63.81,12,0,9.01,67.68,2,0
0.94,46.91,42.6,2.567,4.431,8.83,74.14,36,1,3.6,57.27,1,0
10.22,52.09,45.75,0.839,0.5,4.88,95.34,16,2,14.89,25.85,3,0
11.59,74.73,93.63,5.439,9.112,13.36,62.25,11,0,13.96,91.67,2,0
2.35,76.08,68.91,5.66,9.841,12.32,92.11,18,0,10.65,43.58,1,0
2.96,70.55,38.41,6.853,6.815,5.46,50.25,31,0,3.13,20.16,3,0
7.83,83.67,36.15,4.341,5.773,8.35,79.25,51,0,11.14,87.63,3,0
17.41,60.83,68.14,0.83,0.5,8.01,66.26,60,1,2.0,63.28,2,0
10.93,94.92,46.51,7.0,9.211,13.52,77.74,44,0,6.79,74.98,1,0
16.83,53.35,84.36,1.299,1.378,6.73,47.54,54,0,7.45,31.45,1,0
14.58,53.07,90.67,8.769,12.568,8.75,106.74,32,0,17.67,50.35,2,0
8.68,32.72,50.98,1.008,1.26,13.14,103.43,24,0,8.31,68.38,2,0
14.23,38.87,76.45,5.68,6.849,3.95,97.85,50,0,11.97,38.82,2,0
0.81,105.05,45.81,9.033,12.04,8.61,102.49,18,0,17.5,72.61,3,0
2.41,64.63,56.25,6.067,8.654,3.27,50.27,49,0,8.52,37.52,2,0
15.02,42.79,97.22,6.397,7.571,9.41,75.26,60,1,17.67,35.68,3,0
14.44,95.93,73.09,7.071,8.064,6.39,62.25,23,0,2.73,20.87,2,0
4.57,75.4,97.01,1.926,4.394,13.61,102.12,38,0,7.3,41.14,3,0
9.79,22.12,50.77,7.009,8.884,6.98,53.26,47,0,1.89,38.51,3,0
11.11,51.64,58.1,8.899,11.89,3.63,55.4,47,0,11.22,77.33,1,1
15.69,37.7,67.97,9.763,12.822,12.01,88.07,12,0,19.15,62.73,2,0
11.05,85.59,68.61,4.876,7.076,11.85,46.22,58,1,13.14,33.34,3,0
7.72,47.5,104.84,3.969,6.954,10.34,91.27,30,0,12.52,62.61,2,0
7.05,26.49,43.01,7.73,10.958,10.99,58.77,2,0,5.56,36.91,2,0
7.95,25.49,94.64,5.794,6.456,5.18,86.27,7,0,18.62,51.91,2,0
11.91,78.17,95.46,3.167,3.03,9.7,101.11,44,0,9.43,86.62,2,0
15.68,22.17,73.72,2.384,2.859,2.46,82.67,26,0,5.34,73.94,2,0
8.44,104.88,59.08,2.366,2.953,4.36,54.89,6,1,19.75,68.83,3,0
4.84,35.54,71.35,5.024,5.233,13.19,43.44,31,2,8.46,41.11,1,0
4.64,80.66,55.47,2.365,3.93,10.87,43.12,36,0,7.43,29.34,3,0
13.56,64.47,90.94,0.981,0.5,4.77,46.22,4,2,0.7,76.47,1,0
14.79,64.29,69.88,1.279,3.071,3.34,80.59,21,0,3.57,62.59,1,0
2.34,27.18,99.81,9.355,14.268,13.39,64.38,28,0,16.18,66.71,2,0
1.66,100.28,78.59,1.471,1.763,3.35,57.02,47,0,9.65,93.13,2,0
10.9,109.31,71.0,1.473,2.384,5.08,55.35,39,0,19.1,46.12,3,0
3.06,21.1,84.77,4.951,5.575,4.19,106.4,5,0,1.68,80.06,1,0
14.93,37.86,70.28,3.055,4.685,2.09,48.32,37,0,12.32,61.92,1,0
5.93,110.39,98.32,9.657,12.588,5.77,61.34,55,0,14.4,37.64,1,0
3.02,74.95,47.91,9.181,11.416,13.69,73.0,3,0,12.42,23.97,2,1
16.62,35.0,103.13,4.524,5.847,6.1,40.03,60,1,10.6,66.2,2,0
3.4,40.28,91.85,4.928,6.234,8.05,104.47,5,0,11.57,42.32,1,0
5.48,86.0,95.25,4.251,5.446,10.95,46.94,37,2,13.79,72.16,3,1
3.19,92.48,68.8,1.148,2.405,8.61,87.77,21,0,17.27,72.55,2,0
2.52,79.94,93.6,3.494,4.01,10.92,84.02,44,0,6.73,54.16,3,0
0.87,115.31,56.47,1.929,4.165,9.94,96.63,51,0,9.19,60.23,3,0
1.47,69.41,88.34,1.742,1.159,9.3,85.6,51,0,12.72,66.99,2,0
3.56,50.03,44.83,5.96,9.5,9.8,93.86,53,0,6.28,55.15,3,0
1.43,67.72,56.49,1.709,1.392,11.59,69.49,49,0,3.58,85.8,3,0
10.85,55.97,66.2,1.747,2.357,10.52,74.21,18,0,19.32,25.7,3,0
12.41,42.44,57.56,5.221,6.607,11.5,89.12,28,0,3.89,93.49,1,0
7.39,24.6,62.09,4.869,6.264,3.75,79.79,43,2,4.65,22.51,3,0
6.06,55.22,92.41,2.066,3.511,10.13,75.81,10,0,12.37,35.61,1,0
9.33,91.14,52.97,0.841,2.485,10.84,54.39,35,0,1.55,73.12,1,0
15.81,21.84,87.17,2.575,4.548,5.6,58.07,32,0,0.68,26.37,2,0
15.39,63.92,40.16,2.97,3.645,12.49,65.09,59,0,1.28,39.66,2,0
1.26,84.4,88.6,8.162,11.185,5.66,40.65,3,0,2.47,31.55,2,0
3.68,81.04,90.44,9.222,11.746,4.93,69.22,5,1,8.58,74.27,1,0
4.64,97.66,63.12,4.535,5.229,12.41,40.19,1,0,16.59,63.42,1,0
4.86,101.05,85.57,4.526,5.079,4.96,79.55,33,0,6.84,24.84,3,0
10.5,91.17,99.06,7.355,9.535,6.99,89.28,33,0,8.55,54.51,1,1
7.78,30.28,91.05,6.568,9.091,6.42,79.35,36,0,12.01,35.64,3,0
1.36,67.5,62.33,2.494,1.646,12.78,88.55,14,0,6.04,92.58,1,0
7.04,80.34,68.89,1.791,2.376,7.46,40.0,18,2,8.65,28.09,1,0
9.67,44.56,89.56,4.826,7.88,10.33,44.16,25,0,7.73,64.85,1,0
2.28,24.26,55.48,5.996,9.105,11.53,88.89,2,0,6.84,56.14,1,0
15.09,42.36,91.27,2.076,2.276,9.53,96.2,45,1,7.77,63.36,3,0
1.41,65.49,57.96,3.498,3.465,13.32,90.24,3,0,0.22,91.74,2,0
16.68,61.39,91.42,3.615,5.294,11.63,86.41,40,1,17.73,45.6,3,0
2.23,37.67,41.08,3.204,2.24,6.8,89.52,27,1,19.55,76.16,3,0
15.26,102.44,38.11,5.039,7.802,13.41,91.77,60,0,17.25,53.56,1,1
16.3,112.57,104.84,6.808,8.999,8.29,90.71,42,0,0.11,69.56,1,1
17.64,40.13,95.86,5.486,9.055,2.27,91.66,29,0,15.02,47.42,3,0
14.54,112.96,96.8,2.653,2.028,5.12,45.18,42,0,11.46,37.03,2,0
14.14,21.79,101.59,1.747,3.185,9.46,44.43,7,0,1.88,26.27,2,0
11.74,112.5,65.68,8.361,11.197,3.88,65.28,11,0,18.66,27.63,2,0
14.13,115.19,55.08,5.21,6.735,9.01,76.93,30,1,15.52,91.96,3,1
2.85,21.21,44.1,1.372,0.619,6.34,93.38,52,0,2.91,79.13,2,0
9.88,96.3,70.08,3.175,4.822,8.41,63.43,50,0,19.28,38.37,1,0
9.5,117.02,50.4,8.197,11.675,2.02,59.26,23,0,2.52,59.69,2,0
15.51,110.59,100.49,7.716,12.023,12.18,94.7,17,0,9.09,73.57,1,1
8.6,117.07,35.28,8.858,12.865,6.34,57.45,58,0,3.18,46.44,1,1
7.24,75.03,45.02,6.339,8.023,3.68,97.46,34,0,3.0,53.0,1,0
11.69,27.82,52.25,4.691,5.429,7.25,52.4,7,0,19.36,73.88,3,0
5.16,104.98,48.93,4.725,5.147,7.83,65.16,13,0,11.44,37.06,3,0
2.95,81.38,50.8,2.585,4.815,9.65,68.08,51,0,5.18,59.48,1,0
8.86,81.47,80.92,6.787,8.463,8.29,60.97,54,0,15.53,35.76,3,0
7.8,61.73,57.93,6.183,9.679,2.52,40.23,55,0,17.5,20.23,3,0
4.57,77.18,78.05,2.225,3.476,12.46,56.49,0,1,18.35,71.77,2,0
6.93,35.36,97.32,8.948,12.377,7.48,63.64,50,0,18.66,73.04,1,0
6.91,93.98,77.18,4.19,5.38,2.92,61.95,6,0,18.11,94.68,2,0
6.23,27.5,83.62,1.258,2.292,11.27,94.99,49,0,12.78,33.58,2,0
7.14,92.98,60.59,3.817,5.138,9.92,43.32,53,0,6.85,75.47,2,0
12.5,104.9,46.18,8.803,11.551,9.79,67.23,22,0,18.51,91.1,2,0
5.7,67.25,57.44,9.236,13.095,7.12,42.63,11,2,2.45,68.34,1,1
17.11,70.98,102.5,5.312,7.041,6.93,105.15,43,0,3.38,92.24,2,0
16.54,51.22,78.53,9.598,12.239,8.44,95.31,4,0,8.68,94.58,3,0
8.92,116.95,54.43,8.852,12.49,2.61,108.75,35,1,5.67,80.12,1,1
6.25,93.31,66.56,8.392,11.272,5.59,103.71,20,0,12.31,94.95,2,0
9.87,56.9,93.49,8.709,12.198,13.85,62.11,25,0,18.11,66.94,2,0
15.35,37.48,81.79,4.313,5.414,9.95,88.41,50,0,9.82,57.28,2,0
11.92,41.96,74.25,7.76,9.387,7.03,61.46,60,2,11.08,88.82,1,0
14.58,66.39,96.96,6.112,9.812,4.67,102.17,24,0,8.46,82.32,1,0
9.82,114.26,82.07,7.421,11.41,10.94,68.75,17,0,14.15,28.26,2,0
11.58,93.41,79.99,2.436,4.084,5.12,66.31,50,1,2.01,42.7,3,0
5.54,41.52,48.28,7.529,9.815,3.95,103.98,25,1,0.97,39.55,3,0
13.36,105.96,42.45,9.61,12.703,3.85,98.57,12,3,12.83,84.14,3,1
4.04,57.82,102.56,3.585,6.083,10.75,107.65,55,0,10.7,37.49,2,0
12.66,105.17,76.92,9.873,13.01,9.71,44.65,60,2,8.15,42.8,1,1
15.56,44.17,64.1,4.281,5.21,2.84,57.03,17,0,6.68,58.91,2,0
2.81,81.87,76.23,2.637,5.246,3.38,61.06,9,0,1.04,25.71,3,0
11.25,112.67,39.33,1.833,2.432,9.61,69.7,9,1,13.61,92.09,2,0
2.16,45.79,92.55,8.022,12.421,8.85,73.12,36,0,8.43,56.83,2,0
13.2,89.29,50.17,5.904,6.712,10.23,60.4,18,0,8.91,34.28,2,0
1.98,118.73,91.32,3.626,5.361,4.14,95.33,38,0,17.87,40.31,3,0
16.88,35.06,72.41,6.398,10.501,10.72,55.63,46,1,14.75,79.86,3,0
2.9,28.84,54.36,3.855,5.231,13.23,88.76,0,0,4.39,67.55,3,0
17.28,87.42,37.11,4.925,6.411,9.21,99.62,52,1,13.14,54.85,2,1
14.52,53.97,92.11,8.737,10.743,4.35,82.26,1,0,2.65,44.87,3,0
10.89,27.12,47.35,6.947,10.353,10.15,64.79,6,0,3.88,87.55,3,1
14.2,67.53,38.63,7.814,9.856,6.12,53.15,44,0,14.28,77.94,3,0
14.41,95.38,87.91,6.168,8.242,2.59,49.4,37,2,2.52,73.86,3,1
17.06,48.51,59.5,9.921,12.282,5.63,92.09,59,0,5.6,53.45,1,1
4.93,53.5,62.25,3.021,5.48,12.87,72.84,34,0,17.96,93.59,2,0
10.83,104.57,52.29,3.213,5.377,6.93,43.24,25,0,14.77,73.26,1,0
2.16,72.01,95.14,1.652,2.201,12.38,108.87,40,2,18.59,51.77,2,0
11.28,104.27,55.81,5.897,6.922,8.1,86.99,46,1,17.64,92.04,3,0
3.5,64.64,49.71,6.443,10.08,8.2,99.09,40,0,6.25,87.18,3,1
10.39,115.3,56.65,7.479,9.767,2.06,70.67,22,0,12.65,75.5,1,0
10.52,85.08,49.22,3.886,4.252,9.65,106.88,58,0,7.57,77.52,3,0
8.65,31.59,57.24,0.913,0.5,3.29,53.97,18,0,13.94,51.77,1,0
9.65,108.51,40.81,6.617,8.351,7.74,52.96,21,1,6.97,58.05,1,0
13.87,68.93,46.1,9.988,12.175,5.12,102.32,16,0,0.03,34.37,2,1
14.49,34.16,64.19,3.51,4.178,6.71,102.42,18,0,1.88,64.65,1,0
9.11,35.27,96.56,2.492,4.034,8.44,74.93,12,0,15.42,47.74,3,0
10.99,88.75,39.01,3.392,4.242,2.17,48.81,35,0,1.68,46.06,1,0
16.8,24.74,49.89,4.714,6.684,5.42,61.37,44,0,11.99,91.12,1,1
2.6,48.66,98.58,3.108,3.545,13.88,92.79,26,0,17.16,32.36,3,0
2.55,33.98,97.3,3.992,5.448,2.69,99.22,56,0,14.82,82.25,1,0
2.03,64.11,82.56,6.672,10.735,5.83,64.34,28,0,8.27,41.11,3,0
12.01,61.44,51.83,3.974,5.052,5.86,44.29,28,0,4.17,22.15,3,0
7.83,72.19,64.39,4.444,6.345,6.55,86.6,4,0,18.45,23.03,1,0
14.05,47.96,49.79,1.168,0.5,10.22,91.76,55,0,11.33,52.19,2,0
12.25,23.2,44.0,9.245,13.849,4.97,69.68,9,0,8.11,54.08,2,1
6.34,81.44,61.6,4.543,5.704,7.52,80.82,10,0,18.84,44.02,1,0
16.22,57.37,75.31,3.819,6.101,9.74,109.12,57,0,4.3,70.16,3,0
13.84,85.13,60.2,1.596,2.043,5.87,57.15,31,0,8.85,56.4,3,0
5.23,30.87,77.76,6.634,9.507,13.39,80.11,4,0,2.17,25.56,3,0
6.87,21.38,55.74,8.747,12.413,13.76,82.77,26,0,2.5,46.11,1,0
6.0,44.83,59.21,1.179,1.184,3.44,78.44,35,0,7.97,27.65,1,0
3.26,65.65,90.35,2.137,3.867,6.13,100.84,0,1,13.99,24.72,3,0
3.09,59.41,96.48,2.147,2.215,4.5,82.35,46,0,6.78,35.62,1,0
16.88,101.03,57.54,6.341,9.26,4.24,75.55,40,1,13.79,72.54,2,1
8.16,57.78,75.01,9.275,12.17,7.89,48.61,0,0,16.1,72.2,2,0
7.21,73.04,54.47,4.827,6.832,8.77,89.22,37,0,17.55,84.6,1,1
13.27,79.35,38.73,3.963,4.934,7.11,49.25,13,0,0.89,76.73,2,0
10.18,22.18,86.65,7.846,10.637,5.27,41.86,44,0,15.47,60.16,1,0
16.88,71.51,46.97,7.632,9.335,5.34,74.2,23,0,2.94,43.45,1,0
14.16,54.48,64.8,3.07,4.368,13.91,80.07,12,1,13.97,20.44,2,0
8.89,62.13,69.09,2.28,3.117,13.08,109.93,30,1,7.43,68.54,1,0
7.09,30.03,47.91,4.092,5.038,2.91,89.86,27,0,14.16,41.73,1,0
17.77,98.28,41.62,7.936,10.663,9.88,99.4,20,0,4.28,38.76,3,0
13.06,114.24,59.36,7.195,9.833,7.48,64.25,53,0,12.9,93.11,2,0
17.15,22.23,101.66,6.926,8.795,10.27,75.62,39,0,2.51,33.07,2,0
2.57,80.14,78.06,8.431,11.266,9.16,108.2,29,0,3.39,22.43,1,0
15.38,96.38,61.7,3.35,3.617,12.67,69.22,13,0,12.29,91.2,1,0
11.65,48.48,37.72,3.925,7.41,2.8,96.51,34,0,6.74,42.95,2,0
2.63,98.76,77.02,1.19,2.559,6.2,76.82,1,1,14.08,49.51,2,0
10.79,83.24,41.46,8.792,12.116,13.83,55.68,53,0,13.7,26.07,2,0
12.51,112.92,72.98,6.158,9.369,4.19,80.63,0,0,12.43,50.3,1,0
0.72,118.1,87.64,3.543,3.001,3.53,55.26,42,0,14.61,92.92,3,0
8.45,24.23,64.65,1.439,0.5,10.75,40.21,21,2,15.88,72.05,2,0
14.94,64.49,55.96,7.455,9.705,11.33,56.51,43,0,18.23,55.54,3,0
5.67,74.7,38.32,7.688,9.139,10.07,53.52,22,0,1.61,43.06,2,1
8.52,34.67,36.73,6.929,9.141,11.31,65.96,1,0,11.43,47.45,2,0
8.24,53.63,65.1,2.675,3.796,10.32,102.2,57,0,14.98,65.84,1,0
5.78,118.76,96.83,9.202,13.251,3.63,67.15,46,0,4.34,39.08,3,1
16.57,21.62,52.08,7.729,9.41,9.3,99.16,2,2,5.27,31.4,1,1
14.17,65.25,75.18,6.851,9.609,11.32,78.89,2,2,5.34,72.22,3,0
2.44,104.27,82.9,6.789,9.178,12.39,40.53,32,2,11.45,85.21,3,0
17.95,52.39,39.26,9.12,12.625,4.95,53.21,58,0,7.32,87.62,2,0
15.89,67.98,45.72,9.34,12.142,3.53,105.19,35,0,13.32,83.11,3,0
5.47,117.8,58.19,6.28,9.723,11.37,82.29,0,0,12.2,59.79,3,0
15.15,67.49,81.91,4.633,6.162,5.08,105.07,42,0,13.14,79.16,1,0
2.36,33.09,65.73,4.146,7.194,2.38,61.71,26,0,5.05,89.48,1,0
17.98,25.17,86.39,8.336,10.542,11.9,90.16,38,0,15.35,21.75,2,0
12.15,114.54,95.73,6.73,9.755,8.07,94.04,21,0,13.28,50.91,3,0
11.88,46.58,88.09,1.511,1.986,5.92,108.3,0,2,2.61,35.31,1,0
2.08,70.41,104.46,2.108,2.551,2.14,41.27,1,1,4.0,94.76,3,0
16.2,29.07,87.81,9.082,12.829,2.42,106.66,38,0,6.02,89.72,3,0
1.01,62.37,94.65,8.937,11.796,11.51,67.41,38,0,18.72,80.16,1,0
4.71,113.01,93.27,9.557,10.506,7.88,98.66,19,0,6.53,42.19,3,0
3.0,70.24,86.12,4.736,3.637,3.8,78.13,5,0,0.4,91.41,2,0
14.09,117.11,91.13,8.013,11.963,6.3,79.53,47,0,2.83,22.19,2,0
3.97,45.88,100.43,8.42,12.474,3.98,65.16,9,0,0.64,34.1,1,0
16.44,70.45,68.26,3.704,6.7,3.35,97.99,11,0,8.06,66.27,2,0
11.98,105.95,79.68,2.137,2.869,5.32,58.48,27,1,15.94,79.48,2,0
1.13,64.83,71.05,9.973,12.3,8.59,74.46,43,1,9.01,86.27,2,0
0.6,47.95,94.57,1.078,1.078,4.52,79.21,60,0,16.78,42.54,3,0
1.4,105.55,65.2,6.295,8.509,6.12,91.98,38,1,0.95,49.31,1,0
11.1,58.99,92.38,6.782,8.249,7.74,73.01,58,0,9.39,54.11,1,0
14.53,73.07,90.95,7.072,11.032,7.04,87.62,39,0,15.74,22.02,2,0
4.67,117.65,102.33,3.152,6.27,3.54,73.97,51,0,13.49,84.8,3,0
15.36,38.65,52.42,7.439,10.472,2.47,86.15,10,0,17.06,45.35,1,0
1.5,50.14,84.67,2.791,3.758,2.43,87.19,3,0,5.48,34.95,3,0
14.52,23.11,87.98,8.427,10.211,6.2,89.66,40,0,10.02,50.69,3,0
16.74,59.18,100.54,2.816,5.193,10.63,97.63,59,0,13.54,73.29,3,0
14.01,40.02,98.48,7.21,9.802,3.58,77.85,44,2,3.37,85.32,2,0
12.72,88.0,75.15,8.007,10.55,11.44,53.53,20,0,16.32,36.15,1,0
15.16,38.13,75.54,2.538,3.86,10.59,87.57,29,0,6.23,32.95,1,0
1.2,87.48,46.71,2.989,3.509,2.05,45.4,6,3,1.87,90.78,2,0
4.03,46.35,103.25,7.968,10.889,2.32,55.33,20,0,15.31,61.32,2,0
2.69,55.52,52.85,1.591,0.85,4.34,95.45,41,0,14.1,47.43,3,0
9.33,54.89,85.73,2.555,4.428,2.67,70.45,10,2,17.67,34.95,3,0
13.54,91.68,90.71,4.991,6.644,8.38,74.86,29,0,17.84,94.64,3,0
11.53,66.65,65.89,9.358,13.676,2.48,109.12,17,0,5.57,73.94,2,1
15.39,56.13,49.78,5.969,7.878,11.63,56.46,29,0,12.83,36.34,1,0
3.22,105.26,48.23,4.367,5.772,7.92,41.37,46,0,19.98,26.84,2,0
13.36,77.2,94.95,9.801,12.14,10.74,47.8,53,1,4.88,34.95,3,0
3.88,41.38,70.75,5.066,7.523,11.01,57.12,24,0,9.46,38.58,3,0
5.24,110.01,41.31,4.79,5.679,8.08,90.81,50,0,18.2,28.33,3,0
12.92,54.27,85.19,4.587,5.755,13.1,94.31,42,0,2.06,37.22,1,0
17.65,23.9,52.51,3.672,4.958,13.88,79.58,56,2,18.56,28.76,2,0
11.2,69.46,96.35,3.796,5.234,6.31,57.85,45,0,9.76,48.33,2,0
1.45,32.39,56.67,7.128,8.087,3.51,76.52,33,0,17.86,56.46,1,0
11.29,43.85,49.02,1.176,1.379,6.36,41.05,41,2,12.43,54.15,2,0
1.24,94.71,40.94,7.073,10.264,4.68,87.73,19,0,13.43,82.19,1,0
15.97,33.08,70.81,2.651,3.238,8.37,83.0,41,0,15.46,39.05,1,0
12.92,100.69,66.55,4.335,5.65,6.54,41.53,43,0,1.34,86.53,1,0
3.53,113.69,87.59,2.148,3.046,7.77,97.19,37,1,12.56,88.11,3,0
2.11,80.65,67.52,5.885,7.832,11.16,93.44,6,0,18.48,91.98,3,0
3.71,91.04,59.07,7.51,9.211,5.29,61.58,31,0,19.12,33.57,2,0
17.65,91.36,53.32,4.063,5.452,8.45,84.48,43,1,19.37,38.43,1,0
8.52,119.28,54.47,2.303,4.004,6.02,82.1,12,0,12.92,66.79,2,0
14.22,54.15,99.95,2.884,2.947,11.42,50.02,48,0,12.67,30.57,2,0
11.64,36.29,46.56,8.327,10.904,9.67,53.53,51,0,11.05,26.42,1,0
10.52,71.92,104.17,3.262,3.161,2.1,87.82,32,1,12.15,25.53,2,0
3.04,73.32,57.88,7.927,11.549,9.92,105.35,58,0,12.24,65.46,3,0
17.06,37.79,41.19,3.847,5.11,4.04,80.34,52,0,0.85,80.35,3,1
5.77,81.31,52.41,2.536,2.659,10.69,79.75,28,0,1.78,39.42,3,0
10.62,21.41,39.09,7.491,10.196,8.81,85.27,53,0,12.39,90.02,3,0
12.75,112.77,90.3,5.111,5.816,6.82,70.84,56,2,6.28,79.4,1,1
11.86,46.46,70.88,1.088,0.538,10.33,43.79,6,0,6.03,25.81,2,0
16.96,23.96,58.59,9.631,11.688,12.28,67.76,60,0,3.87,50.55,2,0
3.1,30.82,81.34,2.159,1.955,11.34,103.02,0,1,16.02,25.1,1,0
9.4,44.02,79.15,4.051,6.691,8.54,96.35,29,0,19.29,88.64,1,0
7.57,47.39,100.79,4.34,5.199,10.67,104.92,57,0,12.56,75.71,2,0
8.8,23.28,102.29,5.303,7.578,6.97,50.7,44,1,18.91,71.49,3,0
2.59,47.94,82.65,8.026,10.083,11.47,75.42,16,0,17.68,71.2,1,0
2.85,39.29,92.25,0.856,1.839,11.95,80.93,39,0,4.36,41.39,2,0
5.37,57.86,90.47,9.379,11.738,3.65,54.69,13,0,3.07,90.02,1,0
5.83,58.52,69.39,6.743,9.138,4.86,54.07,14,0,4.23,89.21,1,0
7.99,53.9,84.31,9.546,12.935,5.24,94.74,55,0,1.92,75.46,2,0
11.19,52.79,40.48,8.32,13.327,3.99,87.03,2,0,11.66,55.17,2,0
11.61,28.97,88.06,9.336,13.171,6.71,85.3,58,1,5.65,23.53,3,0
7.71,22.52,102.33,6.329,8.011,4.32,58.69,27,2,18.26,22.12,3,0
7.65,40.21,40.95,4.087,6.134,9.15,75.47,3,1,12.27,30.36,1,0
4.31,95.66,93.53,4.875,8.505,3.22,41.61,48,0,7.19,64.68,2,0
10.8,119.08,100.31,6.854,7.786,5.24,49.1,2,0,19.69,79.86,3,0
6.05,112.85,50.83,4.728,5.624,9.99,76.28,19,1,19.06,91.13,1,0
1.13,70.42,71.74,7.531,9.954,6.78,61.68,14,0,15.57,33.15,3,0
7.82,73.18,99.95,1.645,1.845,7.06,107.6,47,0,15.83,40.66,3,0
8.8,51.46,102.22,8.436,11.089,11.58,73.0,24,1,19.55,24.06,1,1
4.45,97.39,43.95,2.679,2.442,13.81,45.85,39,0,12.01,94.18,1,0
10.52,96.48,59.43,9.484,14.067,8.78,41.25,4,0,17.6,78.57,3,1
10.4,104.43,83.87,2.231,1.732,2.95,90.77,42,0,1.3,56.05,2,0
12.79,109.55,50.51,1.988,2.504,3.23,52.01,43,0,11.08,63.17,3,0
11.84,63.43,57.73,8.269,12.105,13.62,53.15,17,0,10.05,62.16,2,0
11.92,96.69,36.63,8.332,11.221,10.15,69.67,53,0,0.75,39.08,2,1
6.03,100.64,45.75,7.597,9.374,11.03,58.48,28,1,1.74,33.9,1,0
14.28,50.85,74.36,9.637,11.796,10.11,83.16,40,0,0.44,42.27,1,0
10.11,112.92,80.72,3.289,4.233,4.16,74.0,11,0,5.88,38.54,1,0
8.05,29.43,80.42,8.405,10.666,7.38,47.8,56,1,1.07,61.81,1,0
11.46,119.43,89.49,4.039,5.637,11.58,94.93,15,1,8.46,43.12,1,0
6.81,97.01,64.07,5.744,6.493,12.4,69.81,38,2,16.25,74.67,3,1
9.47,29.33,54.14,4.9,7.346,4.85,82.76,5,0,12.28,62.6,1,0
13.39,85.62,36.09,0.854,1.257,9.15,40.28,2,1,13.48,59.92,2,0
16.01,23.42,49.46,6.085,8.386,3.89,83.85,7,1,0.63,91.35,2,0
16.62,97.02,56.87,7.677,11.661,13.5,59.8,57,0,16.79,44.18,1,0
9.31,99.92,47.47,2.406,2.854,5.03,74.61,12,0,2.92,67.65,3,0
9.6,80.24,36.41,9.371,11.998,10.72,60.84,53,0,6.05,20.0,2,1
14.5,105.69,46.02,5.68,7.175,4.77,109.74,35,0,10.34,75.27,1,0
6.0,29.79,81.63,2.44,3.121,9.39,56.16,5,0,18.6,57.69,1,0
15.15,47.59,79.07,6.743,9.021,9.91,103.9,26,0,19.96,35.63,3,0
9.15,61.42,100.5,2.566,2.716,5.94,104.26,29,2,15.65,20.11,2,0
2.53,24.25,90.87,1.385,0.5,11.83,69.47,16,0,14.59,73.02,2,0
1.76,64.82,74.74,7.105,9.087,12.62,61.28,36,2,10.55,69.7,2,0
15.23,46.52,44.63,1.818,2.779,12.26,66.67,52,0,13.31,69.91,1,0
1.47,59.27,74.49,1.777,2.522,5.97,109.25,53,1,2.89,52.81,1,0
5.41,62.51,39.31,7.607,11.35,10.93,83.32,32,0,5.38,67.95,2,0
6.35,107.94,65.16,1.308,3.526,8.71,78.13,54,0,19.69,62.85,2,0
3.53,47.03,62.32,8.25,11.821,9.11,42.51,56,0,19.59,37.92,1,0
5.99,109.37,64.95,8.125,12.212,7.73,99.35,5,2,6.46,58.91,2,1
13.5,62.6,54.59,2.101,3.526,9.2,45.87,38,0,4.82,58.59,2,0
0.76,52.78,83.01,5.569,9.057,3.63,43.29,47,0,4.59,81.77,1,0
14.98,70.25,93.87,1.689,3.946,6.91,59.24,0,2,9.7,52.51,2,0
15.49,61.77,88.8,6.62,9.793,4.13,73.31,36,0,4.48,52.71,1,0
7.01,45.74,78.94,1.379,2.497,5.36,102.67,55,0,12.97,93.83,2,0
3.19,70.27,72.68,9.489,12.626,3.53,95.31,16,0,1.5,87.08,1,0
11.01,35.18,37.18,2.711,3.623,4.55,53.83,52,0,2.07,38.17,3,0
2.59,55.19,85.61,7.083,9.257,11.38,66.05,56,0,5.54,88.27,2,0
6.89,76.58,73.15,1.98,3.233,8.6,94.62,38,0,15.55,30.35,1,0
17.27,61.34,53.95,2.728,3.035,2.28,76.9,38,0,6.47,84.0,3,0
17.92,102.39,57.95,4.949,6.509,11.46,52.21,32,0,9.42,33.75,3,1
14.01,45.67,100.49,6.072,6.078,12.91,67.72,24,1,13.13,51.92,1,0
5.94,116.98,78.71,9.99,15.037,12.57,83.82,27,3,15.77,93.79,1,1
12.53,98.47,68.31,1.039,1.204,11.88,108.13,31,0,6.14,27.28,1,0
12.84,116.76,78.46,0.803,1.494,13.91,86.33,29,0,14.62,82.98,1,0
7.29,103.81,63.96,4.023,6.744,9.04,41.13,50,0,5.72,57.11,3,0
11.72,34.21,67.91,4.169,5.898,13.55,89.35,46,1,12.89,28.32,1,0
0.69,72.65,55.32,8.931,13.357,13.39,57.56,21,0,9.02,91.44,2,0
4.16,37.0,65.79,9.196,11.297,5.76,100.35,31,0,18.53,61.19,3,0
9.69,101.82,82.99,8.901,14.174,12.36,66.87,13,0,19.64,86.05,2,1
3.37,78.42,37.8,2.117,3.837,11.51,53.97,10,0,15.48,85.18,3,0
3.4,46.34,90.65,4.591,6.387,11.31,72.76,22,1,18.31,21.1,1,0
15.14,112.96,54.81,7.662,11.626,12.76,57.86,3,0,2.73,39.86,3,0
17.81,31.52,82.78,3.676,3.911,6.61,56.51,52,0,13.09,45.27,1,0
10.23,76.39,79.99,6.902,9.058,6.8,80.13,7,0,3.97,60.11,3,0
15.18,92.1,80.68,2.982,5.325,9.68,93.71,19,0,5.54,25.39,2,0
17.83,25.88,77.57,3.775,3.417,10.85,98.45,15,0,10.46,49.17,2,0
2.98,79.79,102.14,8.716,12.271,12.56,67.84,12,1,14.84,81.1,3,0
8.34,101.59,70.58,3.105,4.67,12.51,44.68,22,0,14.43,32.99,3,0
7.37,26.75,86.26,9.672,14.829,10.66,73.88,43,0,17.39,72.6,1,1
1.9,71.22,84.38,3.618,3.459,13.48,70.36,54,0,11.19,54.52,3,0
13.72,45.86,51.54,1.016,2.821,4.14,53.79,11,0,18.53,25.3,1,0
8.09,86.29,54.83,3.145,3.742,13.4,102.73,14,2,17.76,33.3,3,0
8.71,31.87,64.68,2.375,2.804,2.77,108.19,28,0,16.98,30.58,3,0
3.14,113.71,54.44,5.463,6.275,8.67,43.62,19,0,4.59,66.48,2,0
3.67,109.47,60.67,1.837,1.501,3.08,95.7,48,0,10.63,26.55,3,0
16.37,38.6,62.37,6.56,9.219,8.82,85.2,13,2,14.72,81.73,3,0
1.28,52.33,77.27,8.849,10.945,6.68,58.3,24,1,19.52,80.5,2,0
4.57,78.76,50.39,4.135,6.249,2.98,84.46,33,0,0.23,26.0,1,0
5.61,91.81,91.3,2.35,2.576,9.78,49.01,23,0,6.54,86.61,2,0
9.08,64.27,65.63,4.48,4.957,10.77,44.86,37,1,6.85,91.94,3,0
10.76,35.63,84.44,8.031,10.367,4.09,109.54,48,1,5.77,23.26,1,0
9.13,30.42,40.7,6.242,8.729,10.33,84.55,32,0,16.35,91.27,3,0
1.97,119.98,67.9,1.731,2.087,4.15,57.73,27,1,0.9,40.96,1,0
4.76,65.54,36.98,5.742,7.783,3.65,71.5,58,0,7.19,69.86,2,0
15.26,107.25,82.31,5.106,7.52,3.77,106.51,59,0,14.23,33.11,2,0
11.66,68.24,59.06,3.809,6.117,9.19,70.71,60,0,8.13,81.31,1,0
11.86,112.24,101.45,1.813,2.169,11.35,103.03,1,0,2.88,83.14,2,0
12.23,28.78,57.69,9.826,12.326,9.16,100.82,51,0,12.22,93.38,1,0
13.85,31.4,74.47,2.42,3.335,11.71,64.09,54,0,10.45,94.44,2,0
1.52,112.96,53.02,2.573,3.897,9.1,88.72,49,1,19.64,25.69,3,0
6.92,114.75,78.41,2.139,1.573,11.57,86.23,45,1,14.97,69.35,1,0
9.94,51.47,67.69,6.046,7.36,13.72,93.98,22,0,19.72,40.48,3,0
6.42,55.52,60.94,4.882,5.943,6.69,65.62,44,0,3.73,29.42,3,0
15.28,65.25,49.26,3.096,3.992,3.8,43.66,35,0,15.23,31.16,3,0
8.95,61.62,42.81,4.751,5.729,3.62,51.97,50,0,11.03,90.23,1,0
13.95,39.0,43.39,6.996,10.081,9.17,83.16,21,0,14.25,71.27,3,0
15.41,109.84,104.93,3.392,3.134,8.57,94.26,45,1,9.35,23.78,1,1
9.33,45.33,63.86,9.22,11.026,4.21,92.92,47,0,4.25,93.82,2,0
16.42,90.53,35.14,3.618,4.584,12.59,80.86,50,0,0.91,80.59,1,1
10.77,26.72,101.71,2.623,3.383,13.48,45.93,10,1,16.77,43.19,3,0
15.38,23.88,36.4,9.582,11.627,5.04,41.21,52,0,16.3,55.32,3,0
6.46,85.37,64.3,8.257,10.601,4.48,94.75,13,0,3.25,74.49,1,0
9.23,53.9,85.22,3.957,4.981,4.57,78.46,57,0,12.9,70.7,2,0
9.8,85.55,99.02,8.541,11.177,6.65,94.79,2,2,14.75,54.73,1,0
2.34,29.4,84.9,5.573,7.66,12.24,51.4,13,0,11.15,58.43,2,0
7.47,114.99,67.45,3.99,4.791,9.15,68.52,37,0,6.34,23.24,2,0
16.55,94.85,103.21,8.524,12.838,2.81,104.34,33,0,17.62,57.55,3,1
11.54,107.63,37.75,7.72,10.861,7.68,52.01,42,0,12.85,45.52,1,0
3.61,33.65,104.08,3.54,4.053,3.08,44.31,24,0,14.4,41.38,1,0
6.43,52.02,94.46,6.381,8.7,6.87,85.74,0,0,13.04,40.22,2,0
3.85,56.83,100.03,4.198,5.779,6.84,81.62,37,0,14.43,68.67,3,0
0.93,73.72,52.83,0.81,2.186,9.78,106.64,31,1,2.9,52.19,3,0
16.73,49.69,44.97,9.649,12.485,8.59,103.45,31,0,18.45,51.94,1,0
8.34,26.06,81.43,5.857,8.597,12.5,92.46,22,1,5.72,31.94,1,0
5.88,56.89,71.11,6.306,8.55,2.2,41.34,54,0,16.73,92.14,3,0
10.97,45.45,71.62,6.319,9.873,11.29,73.63,48,1,17.87,36.79,3,0
0.63,58.59,99.72,5.866,9.081,2.27,102.73,11,0,13.02,50.46,2,0
5.37,39.7,78.41,3.468,4.86,5.65,70.36,2,0,11.97,34.27,1,0
12.8,46.19,56.77,9.739,12.911,12.56,107.35,11,0,2.18,72.74,1,1
11.59,82.7,63.0,6.519,9.257,10.28,85.67,2,1,8.72,52.71,3,0
17.68,58.82,44.34,6.972,9.25,4.06,47.66,43,0,12.23,51.02,1,0
11.36,54.54,48.46,4.984,8.241,7.89,75.65,37,0,1.64,85.63,1,0
8.86,73.39,45.03,3.448,4.726,10.66,88.69,28,0,2.23,76.96,2,0
13.83,97.19,91.72,1.392,1.514,13.25,44.58,36,0,19.87,58.99,3,0
16.31,57.89,84.34,4.022,5.016,9.61,64.13,49,0,6.64,55.14,3,0
13.11,78.75,72.12,2.42,2.175,2.3,90.2,50,1,6.99,91.99,2,0
17.36,116.62,61.21,6.891,9.804,8.0,50.99,26,0,5.03,91.73,2,0
14.19,72.2,81.79,8.887,11.259,3.84,64.38,36,0,12.92,72.86,2,0
15.67,110.98,91.9,3.585,5.829,2.57,88.29,35,0,9.46,77.01,1,0
2.5,99.37,96.69,3.863,4.051,9.18,94.29,57,3,15.81,87.43,1,0
13.32,25.87,73.29,6.967,9.52,11.32,76.3,46,0,10.25,92.32,1,0
8.2,62.91,92.39,2.173,3.969,2.43,106.98,19,0,0.31,26.17,1,0
10.18,89.83,70.79,9.351,10.687,11.4,104.77,54,0,9.65,94.8,3,0
11.95,118.67,68.22,4.147,7.415,10.48,73.14,24,0,1.1,72.73,2,0
17.47,65.84,95.58,1.731,1.954,11.02,51.22,46,0,16.54,64.46,2,0
17.73,29.28,62.05,2.407,3.377,4.94,94.11,59,0,2.27,50.99,1,0
5.54,76.2,62.71,9.381,13.179,6.72,57.02,49,0,4.34,45.23,2,1
13.34,32.66,56.34,3.073,4.803,3.44,99.0,6,1,9.2,80.32,1,0
13.62,95.15,71.31,6.893,9.552,4.87,81.1,12,0,3.9,69.08,3,0
6.56,70.77,73.14,2.237,3.917,5.63,67.59,48,0,10.78,35.05,3,0
2.67,92.34,81.23,2.586,3.958,5.83,78.95,7,0,9.21,65.74,1,0
1.22,106.94,65.14,8.889,13.585,4.1,77.3,0,0,19.05,30.59,1,0
14.1,82.89,50.25,2.162,3.389,4.26,104.73,15,0,1.77,57.27,3,0
9.07,81.24,95.68,0.973,3.081,12.82,55.01,29,0,11.53,63.76,1,0
17.75,95.46,59.22,5.411,8.116,11.41,104.97,7,0,14.41,67.68,1,0
8.64,104.25,99.61,8.737,10.17,6.13,42.19,9,0,2.55,30.89,2,0
17.61,106.91,49.51,3.799,7.479,13.37,93.84,20,0,12.73,27.17,3,0
7.7,23.64,74.2,1.979,2.155,4.87,104.38,36,0,17.28,39.4,2,0
14.39,75.62,72.56,9.837,14.625,6.88,67.58,33,0,15.75,65.53,1,0
1.98,41.63,93.01,7.026,9.509,11.76,45.11,48,0,18.7,89.88,2,0
10.22,106.03,44.72,8.626,12.601,7.31,96.33,59,0,14.41,78.43,2,0
14.54,84.84,98.7,7.72,9.802,4.82,99.0,2,0,7.88,75.93,2,0
16.68,62.02,72.2,7.224,10.315,6.42,63.54,41,0,18.41,44.77,2,0
14.9,38.81,76.03,4.338,5.628,8.01,76.3,9,2,4.51,28.38,2,0
1.15,53.9,70.71,3.784,6.529,9.45,96.66,21,0,11.67,86.9,2,0
7.02,90.38,37.52,7.396,10.379,6.87,53.44,20,0,15.31,57.56,2,0
1.35,40.44,69.8,7.394,10.824,7.18,84.03,42,3,17.45,27.54,2,1
2.41,29.36,53.45,9.545,10.939,5.17,70.14,15,2,18.33,60.12,2,0
12.32,108.8,58.99,6.032,8.066,8.42,52.21,54,0,1.7,70.66,3,1
12.98,96.42,80.44,3.511,5.109,4.63,98.2,23,0,14.52,43.99,1,0
14.04,39.98,69.84,5.304,7.361,12.41,62.73,49,1,4.08,20.69,3,0
15.65,49.23,41.53,6.446,9.567,10.97,105.41,58,2,15.58,66.62,3,1
13.44,117.21,40.11,4.726,6.051,6.92,79.83,31,1,14.01,23.01,2,0
14.52,90.82,48.0,8.078,10.95,10.97,76.02,6,0,3.63,52.46,1,1
1.36,81.05,48.36,6.178,9.404,2.08,69.63,42,0,16.66,81.86,2,0
4.6,50.76,77.58,0.887,0.5,6.13,68.05,25,2,9.24,94.91,3,0
11.38,49.91,47.45,6.043,8.688,7.28,97.26,20,0,10.88,47.77,1,1
15.52,23.95,96.72,6.629,8.649,7.64,87.43,27,0,19.43,21.51,2,0
0.58,92.85,49.68,9.22,11.626,10.98,94.16,18,1,13.13,56.97,3,0
9.51,24.32,41.38,4.606,6.521,13.55,69.48,17,0,11.77,40.72,2,0
12.35,20.49,96.3,6.085,9.32,6.56,58.3,60,0,0.34,86.96,1,0
1.02,92.95,55.67,5.17,7.915,6.21,46.08,16,0,3.98,73.36,2,0
7.52,114.89,64.78,5.691,7.562,9.33,94.37,27,0,0.53,50.32,1,0
16.17,95.65,102.13,1.419,2.704,5.38,69.07,43,0,6.67,77.15,3,0
12.25,67.16,101.11,9.055,13.006,3.7,75.65,13,0,6.89,45.59,2,0
4.66,68.6,85.04,9.176,12.309,13.54,72.85,37,0,10.61,59.13,2,0
15.42,63.61,39.83,5.842,7.263,11.71,70.18,54,0,13.8,89.21,3,0
6.59,52.46,76.53,5.92,7.421,13.5,87.87,49,0,3.59,35.01,2,0
15.43,72.17,104.24,1.33,2.549,4.61,82.61,1,2,12.03,43.48,1,0
5.73,63.12,101.28,6.301,8.469,2.21,108.04,24,0,18.34,86.42,3,0
10.83,79.82,42.42,4.748,5.469,7.25,49.72,0,2,3.7,54.64,2,1
7.45,109.81,62.72,7.323,8.37,13.2,80.15,37,0,13.18,43.84,2,1
5.31,119.5,57.09,1.234,2.414,3.66,44.43,19,0,0.91,22.8,1,0
16.01,27.87,44.08,7.34,9.417,3.41,96.55,54,1,10.62,51.42,2,0
3.78,58.47,83.64,3.439,4.941,2.83,83.14,10,1,14.83,57.55,2,0
1.98,38.07,54.17,6.796,10.29,11.18,69.99,51,0,0.68,50.47,1,0
6.48,55.21,59.14,6.57,7.691,11.43,96.16,20,0,6.67,40.81,2,0
13.06,48.75,41.33,2.887,3.857,10.34,71.85,56,0,17.56,47.68,1,0
14.63,37.45,69.86,4.852,6.397,2.64,55.95,12,0,4.51,68.18,2,0
17.98,96.41,46.07,8.488,11.8,10.68,73.08,16,0,14.46,86.85,3,1
5.69,69.63,65.25,6.371,9.717,7.38,44.96,21,0,12.24,68.73,3,0
7.64,111.92,45.03,1.432,0.737,3.89,102.85,60,0,3.27,68.46,1,0
2.89,23.26,101.77,4.875,7.094,5.54,91.17,44,1,14.83,81.27,1,1
10.56,26.7,45.15,3.668,5.881,8.01,93.22,49,0,10.64,32.39,1,0
17.96,60.33,71.53,6.703,8.881,5.96,101.21,33,1,2.24,42.58,2,0
12.77,28.03,48.79,6.454,8.589,13.64,95.41,48,1,18.99,23.79,1,0
10.92,46.27,40.35,0.896,1.586,7.7,70.23,38,3,9.84,46.22,1,0
7.37,118.6,49.16,6.391,8.938,6.47,48.3,40,0,14.9,94.91,3,0
16.52,40.9,38.83,7.561,10.731,10.08,66.14,51,0,4.35,44.7,3,0
9.2,39.81,44.76,7.872,11.133,9.81,105.39,59,0,2.74,84.48,2,0
2.85,77.36,69.54,1.343,0.929,2.03,106.44,35,0,14.83,26.43,3,0
6.89,69.8,80.63,3.594,5.743,9.42,93.75,26,0,13.48,54.48,2,0
1.68,78.04,41.11,4.676,7.362,4.93,54.31,39,1,5.48,46.36,2,0
4.03,57.67,65.87,2.454,3.48,6.5,53.61,45,0,14.93,35.12,3,0
0.81,102.68,75.69,4.671,4.961,10.48,101.58,60,0,10.1,47.94,1,0
8.43,33.86,51.4,1.454,1.86,8.69,49.93,42,1,6.97,68.85,2,0
11.6,62.84,61.05,1.842,2.661,6.42,80.89,58,1,15.74,56.77,1,0
6.51,88.98,40.03,6.952,8.355,4.01,66.48,44,0,12.34,83.33,3,0
7.86,106.82,50.41,3.216,4.017,8.07,61.14,58,0,10.15,87.87,3,0
17.29,56.96,67.67,7.345,8.647,5.83,87.42,45,0,15.46,56.14,3,0
13.66,76.77,104.33,1.243,2.224,12.96,107.17,53,1,10.9,93.63,2,0
9.96,26.91,104.74,5.977,8.218,8.41,94.43,11,0,18.77,25.4,2,0
5.48,37.03,103.57,4.401,4.461,12.39,74.03,60,0,16.36,40.73,1,1
16.2,26.91,64.62,8.132,11.295,6.68,70.85,21,0,7.16,51.25,3,0
4.61,92.79,40.65,8.012,10.766,11.93,103.54,48,0,9.3,63.7,3,0
6.19,48.81,57.65,4.255,6.209,2.68,80.47,23,1,19.15,60.94,3,0
16.41,92.37,51.64,6.529,8.462,5.58,74.76,27,0,17.9,62.6,2,0
9.77,26.64,35.99,2.893,3.185,2.94,87.8,45,0,3.82,87.22,1,0
13.49,106.25,41.67,6.14,7.595,2.38,56.6,32,0,5.49,40.82,2,0
10.84,103.55,66.72,1.548,1.605,13.03,44.46,43,0,7.29,81.26,1,0
11.94,28.89,58.78,4.798,6.495,10.6,99.86,4,0,17.6,61.85,1,0
5.74,22.38,47.62,2.481,3.483,9.5,82.51,50,0,18.55,56.79,3,0
4.72,25.63,85.13,8.927,11.88,8.39,51.54,24,1,16.05,42.46,3,0
6.14,105.36,60.0,4.893,6.225,8.83,60.86,48,1,5.51,42.81,2,1
3.22,43.47,94.63,6.235,8.101,9.66,109.3,17,0,17.74,49.14,2,0
15.8,74.83,51.87,4.116,7.813,11.92,84.41,36,1,0.66,77.26,2,0
5.46,62.62,72.69,3.456,3.973,9.16,84.53,35,0,8.46,55.75,1,1
10.33,99.55,47.89,2.667,3.098,10.98,45.05,8,0,7.55,31.54,1,0
14.36,68.89,69.67,9.189,15.37,5.37,107.83,28,0,10.7,76.99,1,0
14.22,70.07,45.67,8.155,11.388,13.72,102.49,38,0,11.21,69.75,3,0
8.17,118.91,46.31,2.026,1.493,2.38,78.34,51,0,4.51,91.19,2,0
8.83,35.01,77.86,7.67,11.113,6.64,61.66,54,0,4.09,59.71,3,0
17.91,103.07,53.47,4.65,5.459,12.58,88.86,23,1,16.07,69.08,1,1
12.31,25.17,47.07,0.942,2.089,4.17,98.34,39,0,1.52,55.95,3,0
14.76,67.76,100.08,5.661,7.452,3.7,95.03,10,2,9.87,71.06,3,0
16.29,108.63,38.01,1.996,2.299,6.39,108.39,54,0,3.83,52.71,2,0
14.28,86.52,74.56,2.731,5.136,7.14,84.58,52,0,6.39,30.34,1,0
3.74,88.52,73.38,7.204,10.235,13.2,62.49,60,0,5.55,94.0,3,0
10.34,46.33,52.54,3.166,5.149,12.03,74.85,29,0,14.17,74.03,3,0
2.28,61.86,66.69,9.005,12.549,7.57,97.14,21,0,9.12,65.65,2,0
11.93,56.66,41.14,6.846,8.842,13.68,58.57,46,2,5.99,56.11,1,1
17.22,72.14,85.49,8.457,11.967,9.71,56.2,44,2,16.63,73.36,2,0
9.47,66.22,50.52,6.46,9.809,12.48,90.74,12,0,1.72,29.51,2,0
8.08,52.69,48.54,8.793,11.992,4.95,71.11,32,0,15.33,44.46,3,0
1.13,50.55,57.04,4.127,7.194,7.87,97.16,39,0,4.97,29.35,3,0
17.3,45.09,98.17,5.852,8.666,2.36,50.06,27,0,18.36,29.45,2,0
2.3,56.5,90.75,5.546,7.678,2.11,63.5,22,0,0.11,21.6,1,0
1.22,34.99,101.28,9.115,12.531,10.47,58.77,14,0,11.13,76.69,2,0
4.81,107.21,80.64,2.317,3.252,3.42,88.85,25,1,12.45,37.05,3,0
1.65,80.21,81.4,6.118,7.133,8.57,93.15,15,0,11.55,82.4,1,0
8.46,33.38,68.6,7.741,10.369,10.35,71.92,18,0,16.3,87.83,3,0
9.53,89.39,98.36,4.204,5.875,2.39,73.46,11,0,2.24,32.64,2,0
5.97,104.77,70.76,8.782,11.481,7.38,49.24,22,2,8.31,73.16,3,0
1.39,43.75,59.85,4.232,6.017,10.21,89.13,38,0,17.27,54.52,3,0
2.45,35.06,79.83,2.394,3.252,12.68,109.46,23,0,17.77,88.92,1,0
7.23,20.86,73.23,6.173,9.03,5.59,94.45,8,0,9.97,56.33,1,0
1.56,24.73,43.68,4.669,6.9,13.69,55.62,48,1,11.16,48.42,3,1
12.72,96.23,62.49,0.94,1.419,12.13,83.62,26,0,15.28,42.09,3,0
4.12,118.72,56.93,1.443,0.717,9.81,60.65,35,0,15.59,87.77,2,0
5.79,24.49,94.28,2.597,5.117,6.7,42.11,31,0,17.76,36.96,1,0
7.4,94.81,61.52,7.878,10.507,10.53,52.59,30,1,16.88,82.08,1,0
7.79,27.19,92.51,9.007,12.086,11.79,47.18,26,0,8.29,34.56,1,0
0.53,79.21,65.97,5.82,7.549,5.64,53.72,46,0,13.0,68.25,2,0
2.46,95.61,87.75,1.771,1.952,13.91,95.69,52,2,9.66,53.83,3,0
15.6,55.92,44.47,5.717,9.107,12.9,60.5,55,0,2.36,27.85,1,1
0.52,21.09,99.73,8.672,12.954,7.83,92.99,27,0,16.43,29.44,1,0
9.39,79.52,68.64,7.695,10.788,10.67,106.42,20,0,12.04,41.11,1,0
9.07,119.12,53.19,3.478,4.599,8.29,80.2,5,1,1.16,77.5,3,0
6.33,45.76,51.9,1.94,3.176,11.13,73.98,27,1,13.54,74.67,2,0
8.05,38.95,53.56,9.086,12.333,11.92,92.51,60,0,5.66,35.38,3,0
14.16,32.39,60.67,8.658,11.517,2.28,46.8,15,0,1.39,55.72,1,0
15.22,75.53,85.23,1.294,2.051,2.95,69.97,51,2,12.13,27.27,2,0
5.06,79.64,101.47,8.378,10.913,6.04,74.92,46,1,14.64,73.7,2,0
6.14,99.23,81.83,1.694,2.514,13.01,98.17,40,0,10.35,79.5,2,0
4.74,95.31,73.3,1.382,2.05,6.78,97.0,34,0,0.11,87.01,2,0
8.9,109.25,66.4,7.779,11.044,12.65,99.38,46,1,11.54,86.43,1,0
12.46,100.58,92.97,5.734,7.184,7.55,88.85,6,0,0.13,45.34,1,0
4.49,44.73,94.48,4.614,6.868,5.47,77.14,7,0,18.53,39.09,3,0
6.29,75.59,55.51,9.116,11.49,12.81,97.95,11,0,5.35,87.24,2,0
16.78,49.74,101.74,8.522,10.989,8.73,101.13,46,1,17.42,30.95,1,0
1.35,52.98,62.66,1.33,1.32,6.33,73.63,26,0,0.24,24.45,2,0
8.56,113.19,91.01,6.468,7.767,2.53,109.0,12,0,1.94,43.57,3,0
12.95,88.19,102.68,7.905,11.586,3.33,101.24,2,0,9.03,77.02,2,0
3.13,117.46,84.26,5.865,7.045,3.67,75.73,29,0,15.17,72.06,3,0
1.33,61.69,46.31,9.844,12.66,6.38,44.85,24,0,18.85,94.03,1,0
2.92,73.74,76.03,7.112,10.731,9.29,55.71,10,0,10.42,46.97,1,0
16.58,68.71,43.31,1.758,1.86,5.69,94.35,1,0,7.11,40.69,2,0
0.66,30.73,90.24,2.624,3.374,2.79,47.78,45,3,0.89,48.37,3,0
3.8,43.67,54.69,8.401,10.431,5.18,72.89,47,0,11.67,78.67,3,0
1.05,72.76,83.67,9.97,14.209,6.9,82.34,15,1,7.6,36.07,2,0
2.44,26.74,98.71,1.705,3.063,13.91,101.48,30,0,18.18,91.08,1,0
11.35,113.15,47.67,1.723,2.991,6.72,99.3,15,0,9.6,58.44,2,0
4.73,32.38,62.5,7.823,11.045,3.07,93.5,24,0,15.31,78.74,1,0
10.46,39.8,80.3,1.392,1.946,8.97,68.54,6,0,16.96,82.04,1,0
10.83,96.53,64.38,1.431,1.46,13.04,49.96,57,0,1.97,55.91,1,0
15.37,29.69,47.24,8.977,11.386,11.44,86.88,43,0,8.82,75.6,3,0
0.58,110.03,37.04,8.164,12.183,12.03,52.69,54,2,17.87,47.35,2,0
15.43,92.57,63.46,8.91,12.717,13.14,79.29,18,0,8.49,80.82,1,0
11.33,26.86,80.44,6.785,8.535,9.64,108.65,53,2,11.3,81.79,2,0
3.35,89.18,75.18,3.767,5.122,13.94,78.52,31,0,17.46,62.47,3,0
14.03,83.16,45.94,9.138,12.066,2.4,85.19,12,0,4.65,36.36,3,0
15.47,95.73,66.55,3.548,3.775,12.02,87.43,20,0,17.89,92.77,2,0
4.95,102.82,60.86,3.335,4.662,12.28,98.13,49,0,7.94,91.02,1,0
16.58,91.84,54.19,8.955,11.715,13.0,70.45,47,0,11.86,66.49,2,0
8.45,78.62,86.05,7.064,8.679,7.74,74.83,43,0,6.56,93.79,2,1
11.06,52.25,56.68,9.04,10.873,11.45,52.32,13,0,10.54,57.71,3,0
17.73,89.73,72.81,2.234,1.609,4.34,83.03,39,1,0.99,48.16,2,0
6.83,115.7,99.63,9.561,12.573,9.24,60.7,57,0,1.31,54.54,3,0
14.73,78.75,72.75,6.437,8.614,6.3,75.53,2,2,8.29,23.44,2,0
6.07,86.43,78.19,6.946,8.589,9.15,93.66,19,0,6.7,61.18,2,0
14.49,63.71,40.13,9.209,13.018,10.11,41.23,4,0,12.32,69.97,1,0
11.01,95.61,47.47,4.303,5.75,6.16,79.47,6,0,0.76,28.21,2,0
4.29,119.77,42.07,7.42,10.536,4.59,52.14,60,0,3.35,39.17,1,0
7.75,36.04,88.54,6.691,8.868,5.86,59.56,14,1,4.19,74.09,2,0
6.06,40.24,93.51,8.047,10.155,9.97,42.43,10,1,8.81,79.52,3,0
1.87,73.94,48.05,9.052,12.323,10.12,51.86,4,0,4.94,93.94,2,1
1.02,68.14,50.35,7.057,8.39,10.9,109.06,59,0,2.75,38.99,2,0
6.56,77.16,57.62,1.422,2.406,3.52,109.9,28,1,11.95,83.11,3,0
0.83,24.91,76.38,2.485,2.511,11.82,90.39,48,0,14.88,32.91,1,0
3.4,60.43,78.53,9.577,13.755,10.26,82.83,15,0,13.71,29.82,1,0
13.19,78.3,83.07,9.712,12.806,2.37,94.39,39,0,5.52,74.69,2,0
12.89,78.52,98.36,9.7,14.052,6.03,102.76,54,0,17.09,53.44,2,0
13.43,85.73,55.65,1.139,0.527,7.6,76.35,40,0,12.24,79.54,2,0
6.05,92.02,81.11,4.319,5.22,6.33,42.47,31,0,12.29,41.19,3,0
16.08,84.15,74.18,7.789,10.858,3.41,89.66,12,1,4.26,35.99,2,0
10.89,99.02,56.41,7.727,11.484,4.49,108.92,14,0,4.84,61.16,2,0
2.71,82.48,98.52,1.59,3.647,2.29,58.06,36,2,9.5,28.65,2,0
3.02,73.75,41.68,6.407,8.687,3.12,72.44,27,1,4.76,40.91,3,1
12.63,80.62,84.84,2.114,4.508,5.2,65.29,2,0,13.76,32.47,3,0
3.53,30.12,85.95,5.338,6.945,11.84,67.33,11,0,6.17,44.0,1,0
9.38,47.32,99.07,3.005,5.046,8.32,90.5,26,0,3.04,77.41,1,0
17.86,72.74,71.3,1.289,0.892,7.09,66.49,10,1,3.03,29.06,1,0
0.57,107.3,57.51,1.536,2.452,9.95,105.88,33,0,2.54,65.89,2,0
0.79,87.91,92.94,9.18,10.286,8.5,95.28,18,2,8.8,63.86,2,0
17.88,29.04,88.96,7.651,9.319,3.58,41.94,17,0,0.06,60.36,1,0
10.73,79.23,70.02,9.373,13.073,4.67,97.3,6,0,10.85,56.32,2,1
2.72,42.17,88.75,5.124,5.736,4.67,94.1,30,0,5.97,69.79,2,0
16.2,93.4,53.75,4.602,6.597,9.2,76.15,11,0,11.05,83.89,3,0
15.91,102.74,76.27,4.097,6.347,7.54,74.78,38,0,18.71,32.15,2,0
9.88,79.35,95.56,6.47,8.283,6.65,98.49,57,0,17.38,81.06,2,1
11.38,79.14,57.26,4.034,4.574,8.68,69.73,55,0,11.53,24.61,2,0
5.28,53.86,68.85,7.666,9.922,13.64,51.16,40,0,8.36,56.16,1,0
1.38,64.63,101.57,8.172,10.163,5.77,61.9,49,0,13.97,58.36,2,0
10.9,106.41,90.87,8.858,11.867,8.24,58.56,56,0,18.46,34.82,1,0
5.66,92.33,97.09,3.034,4.187,7.76,87.67,41,0,9.79,26.73,1,0
12.11,71.98,61.97,5.649,7.35,10.6,52.52,15,0,1.99,25.62,2,0
15.13,56.82,104.76,2.856,5.362,10.76,85.13,30,1,15.32,22.79,2,0
0.82,25.04,45.68,1.146,0.899,10.75,72.62,52,0,0.21,63.02,2,0
10.92,34.3,71.31,7.312,11.123,4.42,98.78,40,0,15.29,31.66,3,0
4.55,39.3,68.55,5.851,6.961,7.39,73.95,22,0,1.7,80.65,1,0
15.79,57.34,90.89,7.46,10.137,11.73,105.09,10,0,2.13,87.42,3,0
4.94,114.41,98.6,1.606,3.233,6.58,103.03,8,1,15.63,41.93,2,0
11.19,70.52,86.18,9.959,14.463,13.81,52.97,22,0,13.79,32.33,3,0
10.19,43.48,78.88,9.948,13.052,6.38,88.03,49,0,11.24,50.72,3,0
7.43,30.58,64.92,5.078,7.355,7.97,55.02,33,0,16.41,86.12,3,0
12.36,53.83,70.72,8.768,12.216,7.69,97.63,3,0,17.03,49.99,2,0
13.2,101.57,70.65,3.041,3.619,7.2,84.5,56,0,9.15,28.13,2,0
10.42,58.33,36.43,7.586,10.795,12.15,60.59,24,0,19.93,93.85,2,0
13.77,97.25,70.21,8.889,13.676,3.86,57.44,23,0,7.15,57.48,3,0
17.71,100.27,94.92,8.295,11.623,8.81,70.07,49,3,3.43,45.68,1,1
7.84,31.08,84.65,8.268,11.672,9.42,96.05,22,0,16.92,87.02,3,0
9.51,80.87,90.7,5.06,7.436,12.21,95.73,37,0,8.31,89.56,3,0
0.72,115.91,62.33,8.344,9.949,9.31,42.34,56,2,17.49,57.26,1,0
14.43,60.21,72.03,7.154,10.073,13.52,61.16,31,2,1.22,43.0,1,1
9.6,25.09,37.34,2.019,1.81,12.47,69.6,37,0,2.22,56.2,1,1
7.64,112.33,61.81,1.85,1.967,6.18,80.99,21,1,0.81,36.45,2,0
2.15,108.37,68.21,7.902,12.613,12.32,50.47,54,0,12.04,55.87,1,0
16.07,72.21,52.86,6.554,8.62,13.5,63.47,4,1,16.64,37.21,1,0
7.41,75.23,37.19,5.578,6.864,5.09,101.99,16,0,8.05,66.67,1,0
12.45,41.17,83.33,9.147,13.386,9.32,73.36,60,0,1.81,76.99,1,0
3.11,101.95,65.46,6.868,8.419,5.38,92.09,29,0,7.47,92.71,2,0
17.33,69.86,64.1,4.445,5.597,9.79,73.93,10,0,6.96,83.19,1,0
3.62,23.39,52.5,4.608,7.345,3.12,72.55,25,0,12.87,26.46,2,0
3.99,88.3,72.65,6.368,8.636,10.81,83.53,15,0,13.04,35.86,1,0
15.53,115.05,65.66,7.795,9.117,7.04,58.16,32,0,2.06,59.88,1,0
16.47,102.92,68.18,5.992,8.579,9.05,57.49,14,0,8.4,39.32,3,0
4.21,47.72,75.66,5.481,7.042,2.31,109.25,24,1,12.85,21.08,3,0
8.72,25.33,35.44,7.487,11.494,10.35,100.83,55,0,5.18,76.61,1,0
13.34,114.04,98.54,7.288,9.294,7.95,91.64,5,0,8.14,46.83,1,0
15.87,113.71,39.98,8.439,12.339,9.5,49.6,46,0,12.27,24.96,3,1
7.13,73.24,66.56,1.375,3.455,5.79,42.12,4,0,8.06,58.16,3,0
9.55,84.23,49.52,7.746,9.691,3.75,52.28,27,0,0.62,93.29,2,1
13.48,66.26,71.66,5.527,7.287,7.23,105.64,40,0,4.45,70.89,3,0
13.29,61.98,54.62,1.487,2.357,13.33,97.14,58,0,15.52,31.91,1,0
14.2,31.94,95.2,7.047,8.742,4.73,76.62,15,0,4.97,58.57,2,0
10.47,29.68,62.75,7.392,10.223,10.11,107.81,3,0,16.35,87.63,2,0
2.33,43.27,79.71,5.617,7.381,2.6,50.26,45,1,9.34,24.07,3,0
16.32,103.66,52.42,8.103,10.718,10.62,79.14,54,0,9.46,67.84,1,0
15.65,34.58,36.36,3.562,4.853,4.86,52.83,34,0,15.41,74.1,2,0
14.47,42.67,63.29,2.658,3.652,7.42,61.45,3,1,7.67,72.8,3,0
2.25,74.86,72.55,4.027,5.584,6.41,105.81,30,0,4.77,31.26,1,0
4.08,41.51,67.17,4.572,5.634,3.35,100.78,23,0,2.1,88.05,1,0
13.51,36.32,102.34,7.203,9.224,6.15,47.13,27,2,13.44,44.17,3,1
0.9,76.33,84.48,8.579,11.475,6.2,57.47,3,0,9.4,23.88,3,0
17.64,56.81,104.7,7.432,9.994,8.27,81.62,19,2,16.19,26.24,2,1
7.1,82.62,55.65,2.401,2.846,13.67,44.29,60,0,9.15,54.32,1,0
13.09,111.22,90.23,4.169,5.92,7.64,78.51,2,0,8.3,23.0,2,0
16.03,35.1,73.89,2.257,1.414,12.97,80.91,55,0,5.98,78.47,1,0
7.41,111.34,77.82,7.118,8.952,7.54,60.37,31,0,3.99,84.94,2,0
6.08,110.25,104.01,3.083,3.91,3.29,60.52,35,3,16.61,21.0,1,0
11.15,102.91,80.78,5.634,6.835,4.76,56.04,56,0,1.9,80.75,3,0
10.67,83.13,97.92,8.085,12.381,6.89,105.5,13,2,18.04,93.59,3,0
7.66,82.01,85.8,6.973,9.43,5.9,67.22,60,0,0.54,22.28,2,0
11.03,83.92,43.92,3.545,4.945,12.39,80.97,16,2,10.45,74.37,2,0
16.87,89.05,83.96,3.862,4.779,10.14,61.11,21,2,1.17,94.93,1,1
8.68,21.65,68.9,6.811,9.181,8.94,89.19,27,0,15.59,79.78,3,0
3.94,115.81,99.32,5.855,6.811,7.89,47.1,36,3,4.23,57.9,1,1
7.1,78.56,91.48,1.687,2.124,6.77,45.01,19,1,11.32,86.36,2,0
7.4,98.15,42.29,8.841,11.092,9.35,92.1,48,0,18.33,73.09,3,1
2.79,57.73,44.37,5.516,7.197,3.5,90.87,1,0,12.99,41.93,1,0
3.35,21.24,39.87,5.155,4.655,3.95,58.55,40,0,3.57,36.82,1,0
12.48,70.97,69.53,2.626,2.529,5.64,64.85,40,0,15.93,58.44,3,0
6.44,70.72,40.65,4.268,7.08,4.05,107.01,32,0,8.83,47.97,2,0
17.21,63.7,85.66,3.862,5.961,10.13,47.3,37,0,0.26,44.71,2,0
4.76,53.97,73.67,3.291,5.63,2.3,52.82,45,0,9.74,33.34,2,0
2.23,44.98,93.51,6.02,9.376,3.92,70.1,55,0,16.25,83.4,3,0
13.69,72.75,54.59,5.053,7.427,12.83,59.75,13,0,8.6,72.88,2,0
15.92,57.53,71.34,8.981,11.716,13.97,85.43,29,0,15.17,44.85,2,0
5.37,116.99,43.22,9.46,11.838,7.85,88.34,34,1,14.11,37.83,2,1
4.04,37.29,96.92,2.819,4.838,7.94,76.85,21,2,9.14,29.61,3,0
3.75,51.97,47.25,1.721,2.381,11.28,82.78,59,1,6.47,28.44,2,0
9.64,49.4,42.17,8.025,13.079,2.43,70.34,31,0,14.53,66.91,1,0
8.7,74.33,49.35,9.953,13.108,7.12,93.23,36,0,7.38,28.16,2,0
5.04,69.93,91.44,8.745,13.582,3.2,42.95,11,2,3.4,92.02,3,1
1.29,84.37,42.41,1.018,1.233,6.81,61.9,25,0,6.42,40.94,1,0
8.93,115.0,78.01,3.112,5.403,13.81,87.91,38,0,17.54,21.94,1,0
17.29,48.52,87.23,1.199,3.145,11.04,63.08,26,0,5.67,84.15,3,0
11.92,89.28,87.58,8.351,10.353,13.82,45.5,46,0,4.7,47.57,3,0
9.17,22.5,48.3,6.149,7.865,10.95,64.15,8,0,2.67,45.72,1,1
2.44,46.24,39.31,5.526,6.531,9.3,89.8,9,0,1.1,28.9,1,0
4.92,66.37,66.42,5.901,6.859,11.05,48.54,20,1,19.53,69.53,3,0
5.66,23.1,49.17,3.123,4.816,9.91,90.72,19,0,10.74,46.91,3,0
13.88,81.77,83.95,6.335,8.375,7.57,94.28,49,0,14.59,81.72,3,0
15.84,87.83,59.97,1.082,1.508,5.51,84.47,52,0,15.46,67.3,3,0
16.28,94.67,66.45,6.743,9.604,8.24,57.1,28,0,7.05,85.99,2,0
17.73,71.66,42.94,7.557,8.53,5.1,96.37,30,1,15.98,66.69,3,1
17.69,80.39,74.73,6.992,10.597,7.84,55.01,17,0,19.23,78.45,2,0
17.18,59.61,47.99,3.855,4.891,3.75,103.41,32,0,14.84,72.24,2,0
1.76,24.13,82.53,8.402,11.821,8.78,89.47,43,0,14.23,54.69,2,0
2.91,30.0,39.98,7.383,10.526,4.94,43.83,44,1,8.64,71.65,2,0
5.83,85.5,103.31,1.98,3.907,5.52,95.95,59,3,16.83,69.77,2,0
10.18,119.56,82.92,2.595,3.409,7.99,75.45,35,0,1.78,20.5,3,0
2.2,21.58,47.72,6.661,7.082,3.95,71.69,20,0,14.99,72.4,3,0
15.3,75.76,35.99,3.463,4.726,13.55,69.44,4,2,7.24,39.66,2,1
11.29,95.1,58.41,1.899,2.744,7.36,82.46,41,0,11.32,60.64,1,0
9.99,102.68,45.7,2.226,2.074,6.23,90.72,49,0,17.86,28.35,2,1
3.39,74.52,50.29,2.324,3.27,2.35,102.72,33,0,12.1,21.73,1,0
4.93,81.99,96.09,5.196,6.689,12.12,59.11,56,0,0.51,21.13,1,0
3.31,89.67,77.22,6.388,7.415,9.51,84.15,19,0,14.45,31.86,3,0
15.41,105.9,47.35,2.423,3.875,7.0,88.04,3,0,18.58,21.49,2,0
10.72,32.23,73.97,7.355,9.422,4.95,87.24,38,0,12.84,29.93,3,0
13.36,112.62,52.9,3.385,4.204,10.94,74.51,7,0,17.23,61.94,2,0
5.68,22.6,103.33,3.666,4.533,13.35,67.37,5,0,16.51,50.02,2,0
7.0,103.62,37.29,2.856,4.968,6.57,93.37,42,0,17.23,93.56,2,0
7.58,27.67,86.26,8.024,10.795,3.62,61.0,26,1,6.88,80.65,3,0
13.8,39.46,89.11,9.63,13.072,3.31,54.56,36,0,9.48,31.01,1,1
14.02,20.39,39.7,5.331,6.8,2.08,78.21,45,0,16.96,51.26,2,0
4.12,64.53,47.03,1.187,2.019,10.93,58.73,23,0,18.21,52.32,2,0
16.98,53.44,61.9,3.197,5.531,13.78,42.33,37,0,2.94,47.16,2,0
2.61,36.6,95.77,2.254,3.626,13.91,43.61,32,0,3.63,57.17,3,0
16.18,65.11,72.59,8.553,12.165,11.41,88.65,35,0,6.94,70.24,1,0
2.26,60.24,80.87,1.581,2.679,3.95,108.12,42,0,15.41,68.07,2,0
5.13,96.77,89.81,9.692,11.841,13.73,71.83,23,1,17.5,46.78,2,0
15.31,109.31,92.97,6.214,7.601,5.93,50.29,30,1,11.6,72.88,3,1
3.64,85.26,68.34,5.563,7.326,6.0,97.27,36,1,2.27,41.71,1,1
7.74,32.44,70.62,8.596,10.951,10.25,58.3,8,0,6.07,82.66,1,0
8.37,49.54,85.26,1.053,0.5,2.59,109.69,12,1,17.14,92.33,1,0
4.79,111.33,53.43,7.95,9.047,11.91,79.43,5,1,6.95,42.11,2,0
12.93,28.87,94.81,1.873,1.316,13.97,56.28,12,1,2.06,78.85,1,1
15.4,60.69,36.46,8.535,11.292,11.3,74.72,26,1,6.04,81.01,2,1
15.81,114.25,48.7,5.668,7.59,11.38,63.48,57,1,16.13,56.81,1,1
6.44,115.07,91.01,1.362,1.125,6.68,94.56,56,1,9.87,26.58,2,0
9.79,61.12,58.82,8.466,11.5,2.79,47.41,46,0,3.43,78.96,2,0
4.85,86.74,45.49,1.051,1.029,11.51,99.99,34,0,6.25,50.56,3,0
4.78,65.67,48.07,2.073,3.78,9.17,93.71,12,0,19.07,35.61,1,0
3.32,95.35,72.15,8.14,10.844,12.91,100.3,21,0,8.64,67.0,1,0
16.95,23.16,94.23,5.077,7.48,3.39,102.65,46,0,8.83,52.77,1,0
16.04,34.42,39.95,8.909,12.21,5.66,56.08,55,0,3.06,26.57,2,1
14.1,81.42,37.13,6.646,7.71,6.33,76.47,58,0,6.09,93.78,3,0
9.56,43.26,67.56,6.536,8.743,10.2,99.49,23,0,16.29,38.35,1,0
9.09,86.61,101.93,3.489,3.597,11.45,66.42,29,2,15.72,58.32,1,1
9.77,55.12,54.53,2.03,2.643,13.53,44.23,31,0,8.71,70.05,2,0
9.89,108.66,102.14,9.643,12.347,5.54,60.41,3,0,17.87,28.63,3,1
8.1,101.93,97.14,1.764,2.725,7.92,56.93,7,0,7.61,75.46,3,0
2.81,69.28,54.82,5.667,6.442,2.35,100.9,2,0,17.29,68.62,2,0
2.7,97.29,92.19,3.308,4.479,5.04,72.47,44,0,0.63,57.03,1,0
17.16,47.11,83.01,3.23,4.876,6.49,87.85,13,0,6.94,59.62,2,0
8.94,69.43,70.83,6.27,9.282,9.13,107.35,42,0,17.1,91.61,2,0
17.18,39.75,64.6,8.141,10.303,7.65,60.94,22,0,18.03,88.32,2,0
3.36,106.09,92.09,7.95,10.749,6.37,93.28,48,0,15.13,28.4,2,0
10.2,102.31,90.52,8.793,12.036,9.49,41.59,7,0,13.4,47.66,2,1
4.14,110.21,87.99,3.495,6.11,11.94,47.29,19,2,16.31,58.76,3,0
4.93,107.75,104.88,5.085,5.531,4.9,51.33,12,2,14.15,89.0,1,1
1.03,115.96,68.5,0.886,0.5,6.11,61.87,26,0,5.08,81.24,1,0
2.58,42.83,91.48,7.671,12.88,10.46,68.21,34,1,9.32,48.99,1,0
16.54,113.18,95.37,3.582,4.589,11.34,73.39,10,1,13.21,86.47,2,0
6.13,77.12,49.81,5.966,6.352,11.9,57.17,40,1,11.76,48.36,2,0
11.14,62.25,37.94,2.358,2.658,4.51,44.64,58,0,17.7,40.34,3,0
8.64,76.04,63.33,8.338,8.765,8.47,87.43,2,0,9.48,65.74,2,0
7.51,54.26,94.97,8.319,11.447,12.8,41.66,5,0,3.56,46.69,2,0
9.81,48.86,55.24,8.873,12.707,6.7,96.66,58,0,4.29,66.68,3,0
3.78,44.13,84.0,1.223,0.83,7.16,105.04,39,0,16.92,50.73,3,0
17.8,28.24,35.51,9.931,12.983,13.82,89.73,56,0,0.17,79.68,3,0
14.82,69.66,59.88,3.08,4.989,3.36,81.72,43,0,17.38,91.57,2,0
13.48,108.78,78.09,3.647,3.348,10.47,85.99,43,1,1.11,40.27,1,0
8.7,83.02,44.08,3.094,2.987,12.2,85.66,9,0,7.83,58.25,3,0
3.18,72.1,97.76,3.261,4.197,3.81,105.22,31,3,16.0,74.33,2,0
16.61,62.86,45.94,5.884,7.267,10.57,107.5,22,1,8.15,31.89,1,0
6.47,66.44,98.69,3.006,3.794,7.64,69.87,50,1,16.45,79.69,2,0
1.38,40.93,50.15,4.423,4.833,12.23,83.2,2,1,2.01,63.72,1,0
6.49,102.29,104.6,6.832,9.416,12.89,96.2,1,0,10.23,31.23,3,0
14.4,39.84,77.33,8.491,11.329,12.47,40.07,33,0,11.65,85.12,2,0
11.4,91.66,40.9,7.173,10.178,2.77,76.89,59,2,17.82,52.0,3,1
13.64,96.0,39.57,6.268,8.642,11.08,85.7,60,0,1.87,33.25,2,0
14.39,77.49,40.24,2.159,3.101,13.06,90.2,36,0,6.77,34.65,1,0
4.21,106.29,76.29,8.308,9.914,9.46,65.82,26,0,13.19,78.91,2,0
16.67,49.11,91.67,1.143,1.986,9.21,60.7,16,0,19.6,90.18,2,0
8.16,108.16,63.21,3.231,4.063,2.54,52.75,60,0,16.97,48.37,1,0
11.68,92.94,66.14,1.325,1.639,12.27,79.05,11,0,16.93,25.91,3,0
0.54,99.87,76.25,6.94,10.313,2.56,104.35,7,0,10.34,27.56,1,0
17.88,86.46,72.31,4.189,5.008,5.76,102.72,31,0,11.29,69.09,3,0
5.42,104.63,83.16,6.799,10.395,13.11,65.2,23,0,17.17,47.81,3,0
1.59,119.31,68.03,3.993,6.69,13.4,58.05,30,0,17.39,51.96,1,0
8.52,62.02,84.97,4.993,7.418,13.9,95.22,55,0,16.05,45.28,1,0
2.76,101.39,104.81,5.013,5.885,7.72,90.75,16,0,16.37,54.92,1,0
3.17,94.46,59.52,1.219,0.5,4.13,75.37,53,0,17.59,68.27,3,0
11.56,65.29,35.86,4.758,7.394,7.86,67.23,12,0,2.28,60.59,1,0
7.38,112.69,43.79,6.698,9.142,3.23,48.67,19,1,5.85,32.32,2,0
16.63,59.44,73.75,5.824,7.191,12.47,94.96,0,0,19.52,56.85,2,0
6.09,76.55,59.1,1.493,3.071,8.73,83.22,41,1,10.9,54.55,1,0
13.21,30.59,100.8,6.946,8.602,6.85,66.38,52,0,3.53,60.93,3,0
8.57,42.58,78.92,3.642,4.534,2.95,104.32,54,0,10.06,28.3,3,0
12.05,104.07,71.42,0.933,1.732,6.86,86.18,10,0,12.92,31.51,1,1
10.99,59.66,90.86,2.231,2.01,12.39,105.05,46,1,16.56,59.77,3,0
8.77,59.41,53.1,5.378,7.161,10.44,73.21,8,0,16.24,40.66,3,0
17.13,44.6,92.38,3.656,5.915,2.99,71.82,38,0,0.98,67.18,3,0
6.5,69.16,35.21,7.188,9.894,3.92,105.61,42,0,9.07,47.96,1,0
3.6,100.58,78.38,3.014,5.192,6.71,107.19,9,0,0.41,36.56,1,0
12.37,109.52,100.43,7.91,11.698,3.22,107.25,6,1,17.76,69.23,1,0
15.31,27.01,90.15,3.436,4.645,13.21,97.32,4,3,3.48,49.54,2,1
1.2,77.48,94.75,6.512,6.688,9.83,72.37,43,0,12.5,31.82,3,0
8.37,66.73,62.79,8.153,10.011,3.14,54.72,37,0,11.41,80.66,3,0
16.12,81.43,92.7,4.347,6.556,11.46,66.84,7,0,12.51,52.38,3,0
13.62,64.73,73.56,1.231,0.5,6.42,105.68,30,2,11.27,88.63,2,0
17.86,59.86,78.3,5.726,7.436,4.94,65.45,48,0,14.31,34.51,2,0
9.8,67.19,39.12,9.958,13.748,8.84,92.97,14,0,12.52,85.73,1,0
12.05,78.2,49.11,9.715,14.437,2.16,104.61,36,2,1.81,81.19,1,1
5.79,70.1,73.57,2.833,3.308,7.58,107.93,17,2,7.34,27.79,1,0
17.08,67.21,39.12,7.752,9.887,12.13,106.34,15,0,10.93,59.88,1,1
6.91,101.78,86.9,3.974,5.317,13.14,78.85,23,0,6.5,69.03,3,0
13.42,94.56,93.8,2.275,3.386,6.11,74.43,21,0,15.21,57.16,2,0
7.55,54.14,99.43,6.926,9.212,9.71,109.13,30,1,6.36,49.27,3,0
10.33,100.06,42.12,5.408,8.245,4.72,55.27,12,0,16.57,90.79,1,0
13.1,105.37,100.78,5.761,7.058,8.72,53.13,23,0,2.93,72.56,3,0
9.41,35.35,39.73,8.412,11.464,5.05,107.42,37,0,15.39,92.44,3,0
16.37,78.27,68.18,3.896,5.661,8.86,88.24,23,0,3.67,83.47,3,0
7.84,48.53,93.82,6.937,9.005,4.06,77.54,40,0,10.56,81.28,2,0
11.82,93.92,39.92,4.169,6.384,13.29,49.24,7,1,6.41,74.42,2,0
6.49,43.88,36.28,1.193,1.745,12.64,75.93,8,0,12.75,68.46,2,0
7.64,87.14,36.75,4.278,6.485,6.04,106.1,52,0,4.25,86.51,2,0
8.2,45.51,70.79,9.54,13.054,11.32,82.2,28,1,15.91,66.01,1,0
2.7,71.11,91.81,5.246,7.421,3.15,68.32,37,0,11.47,25.65,1,0
2.11,114.86,43.92,1.796,1.855,10.88,78.58,45,0,19.15,63.69,2,0
12.18,58.13,43.72,7.128,9.055,5.39,102.03,8,2,14.24,27.71,1,1
11.97,107.57,74.8,9.663,14.147,3.63,103.9,59,0,12.15,91.2,1,1
12.1,118.69,51.4,9.153,12.929,10.14,68.01,25,1,16.58,68.5,1,0
0.85,107.49,86.11,6.062,7.263,7.64,82.56,54,0,4.39,61.67,2,0
6.21,36.59,101.47,4.262,5.916,8.36,59.54,25,0,12.65,34.84,3,0
3.96,101.97,88.62,6.142,6.156,8.25,71.58,24,0,7.81,58.68,2,0
14.12,23.21,96.4,8.307,10.697,2.71,55.39,36,0,14.88,45.69,1,0
15.56,59.33,71.37,8.723,12.641,2.62,77.2,11,0,0.49,70.65,2,1
4.82,107.07,93.26,8.333,11.137,9.21,80.48,37,0,8.55,65.33,2,0
12.19,88.88,47.8,4.99,6.843,9.49,63.65,59,0,13.03,57.45,2,0
2.76,73.27,39.78,1.893,0.5,2.57,59.05,39,0,9.21,38.96,2,0
5.32,58.79,80.92,6.036,7.796,6.54,50.57,4,1,4.76,59.43,2,0
2.93,101.23,38.64,2.239,3.327,9.35,49.77,42,0,9.29,54.63,1,0
5.46,90.96,97.47,1.361,2.256,9.88,89.8,2,0,16.99,83.84,3,0
12.31,66.84,83.41,5.388,8.14,11.94,55.51,6,0,4.14,87.08,2,0
16.43,109.25,101.65,6.829,9.031,7.05,48.26,17,0,7.34,76.94,1,0
4.04,42.99,56.97,8.658,11.539,8.58,109.92,18,0,19.81,43.97,1,0
9.99,37.04,69.03,8.002,9.604,8.94,58.19,0,0,18.26,22.86,3,0
12.77,84.28,86.92,8.687,11.543,5.74,102.72,1,0,0.68,89.4,2,0
17.18,117.2,51.99,7.793,9.385,2.65,82.64,48,0,10.61,94.4,1,0
11.18,44.73,72.93,7.27,8.151,2.05,90.05,27,0,1.31,29.53,2,0
4.96,44.97,81.16,0.893,0.5,12.03,79.26,12,1,18.48,71.42,2,0
11.45,33.95,103.52,6.56,10.214,4.4,52.66,26,0,8.83,51.89,3,0
6.11,106.06,87.13,1.908,2.333,9.56,99.29,42,0,8.37,31.14,2,0
17.58,42.64,43.27,1.34,2.007,8.92,97.96,44,0,5.46,94.86,3,0
7.49,70.32,68.27,2.239,2.56,6.8,64.48,17,1,11.38,89.99,2,0
12.49,119.09,76.21,8.374,9.694,12.0,93.47,10,0,2.9,93.7,3,0
0.91,21.21,45.26,7.643,11.161,10.38,78.01,58,0,15.98,30.79,1,0
7.5,75.65,65.24,9.529,10.909,2.27,103.63,38,0,9.82,56.89,2,0
15.81,71.23,54.88,9.807,12.74,11.32,96.2,59,0,11.33,87.18,3,0
11.18,100.74,43.32,9.018,12.125,8.08,42.87,18,0,16.82,70.64,1,1
8.27,55.53,70.84,2.023,2.938,6.16,101.55,6,0,3.7,52.6,2,0
16.88,61.03,46.59,8.881,11.336,10.72,107.8,23,1,3.5,58.75,2,1
15.44,36.79,76.34,8.515,9.842,10.23,91.95,19,2,8.42,22.9,3,0
6.14,94.08,46.88,8.814,11.178,5.73,48.39,43,0,15.72,65.86,3,0
10.03,98.47,85.65,2.196,2.29,13.8,96.52,43,0,1.17,84.48,1,0
9.07,33.67,48.67,1.874,1.835,9.78,85.32,4,0,15.9,20.21,1,0
11.56,59.35,97.74,9.299,13.427,9.27,63.72,35,0,10.02,32.0,3,1
6.35,109.29,36.83,2.399,2.147,2.84,101.88,20,0,11.24,58.85,1,0
4.77,20.27,71.54,4.191,5.929,5.35,79.59,37,1,11.29,62.07,2,0
16.47,49.88,57.41,4.995,6.886,7.36,99.7,23,0,1.12,45.75,3,0
16.67,75.5,50.76,1.945,3.49,9.57,86.91,32,0,5.0,22.1,3,0
15.26,53.41,68.01,0.99,1.216,8.15,60.2,43,0,15.11,75.77,3,0
17.62,47.2,93.94,9.946,14.139,11.16,108.25,17,3,8.25,38.22,1,1
13.54,66.0,99.07,8.865,11.813,5.15,79.97,12,0,11.21,68.34,1,1
13.88,38.15,56.23,9.194,12.802,10.43,76.17,43,1,18.9,61.94,1,0
13.85,72.96,45.8,3.418,3.262,11.8,68.25,57,1,0.93,52.31,3,0
8.91,90.67,85.41,2.825,1.439,11.18,49.54,27,0,8.99,64.27,1,0
8.49,77.53,75.74,4.718,6.709,11.25,88.03,60,0,7.23,72.13,2,0
4.7,29.31,49.07,4.971,7.098,12.66,70.16,11,0,2.13,62.92,3,0
11.78,104.44,88.22,0.852,1.577,3.01,105.42,49,0,19.02,61.81,2,0
5.56,37.5,71.33,7.969,10.286,10.37,107.56,60,0,19.23,52.71,3,0
5.01,96.48,80.74,9.969,14.799,13.62,93.73,18,0,6.23,52.25,2,1
10.75,56.06,60.15,5.664,7.232,8.88,56.97,9,0,18.93,56.82,2,0
7.67,98.28,65.74,4.372,6.281,4.61,90.12,40,1,0.7,53.91,3,0
4.33,40.63,47.62,4.413,6.493,13.99,41.43,53,0,19.62,52.93,2,0
14.78,38.67,87.96,1.684,3.82,4.1,97.85,5,0,16.72,35.78,1,0
15.56,69.7,45.99,3.249,4.1,6.03,74.55,39,0,4.29,74.36,2,0
3.43,23.29,89.48,5.42,6.729,4.06,105.57,53,0,11.99,29.97,3,0
0.63,42.53,90.86,4.773,5.095,7.57,66.44,1,0,15.97,88.15,3,0
6.38,92.4,87.26,5.814,9.246,7.03,58.42,31,0,6.39,66.86,1,0
14.46,103.74,36.36,8.611,12.005,7.89,109.65,4,1,7.08,23.67,1,1
15.19,28.08,54.12,2.872,4.285,13.14,77.15,10,0,12.58,69.42,2,0
2.92,108.21,67.78,1.055,4.229,7.74,100.42,29,1,2.94,47.11,3,0
14.05,99.75,76.69,1.152,1.847,8.18,103.77,19,0,2.36,89.73,2,0
2.52,106.97,99.35,2.034,1.574,12.64,76.29,5,0,5.0,90.21,2,0
7.33,89.84,61.29,6.048,7.989,11.81,71.9,48,1,14.83,83.44,3,0
17.98,87.42,96.25,8.235,10.24,4.88,78.7,12,0,7.33,62.59,2,0
3.87,72.51,46.44,8.959,11.738,2.16,99.34,53,0,10.15,88.94,3,0
3.19,85.28,60.99,6.643,8.606,9.55,107.53,10,1,3.91,68.74,2,0
7.9,111.91,38.66,4.509,5.559,12.14,62.98,31,0,3.88,85.63,3,1
11.34,30.05,86.97,2.222,1.745,8.63,91.7,44,0,13.01,32.0,1,0
16.83,51.58,45.55,4.493,7.499,4.53,59.98,29,0,2.17,87.81,3,0
17.66,27.25,52.99,3.858,5.478,10.9,82.77,25,0,13.36,69.62,3,0
1.72,114.48,89.27,8.804,11.683,10.03,96.34,45,0,8.01,42.75,1,1
2.91,64.53,72.43,5.278,7.807,8.78,102.05,0,1,13.43,94.84,1,0
14.34,87.53,35.98,2.881,4.313,12.36,71.41,50,0,7.63,71.52,3,0
5.24,104.11,35.16,3.457,4.915,11.41,65.88,42,0,16.92,88.13,1,0
15.98,119.1,70.75,2.056,3.391,10.02,57.74,46,0,1.11,20.42,2,0
12.11,36.18,56.35,9.251,12.609,9.98,49.34,25,0,17.87,61.43,1,0
2.46,99.95,47.62,1.263,2.308,9.95,65.54,23,1,5.37,73.44,2,1
15.07,108.74,77.95,0.918,1.917,8.3,101.04,34,0,0.85,21.03,3,0
3.59,24.89,50.99,2.483,3.499,7.57,69.32,39,0,11.25,77.19,2,0
7.91,95.41,76.45,8.26,10.953,10.52,62.21,56,0,4.49,68.86,1,0
10.16,55.47,61.55,5.616,8.959,9.33,91.74,52,1,9.18,40.61,2,0
9.26,84.86,48.07,6.558,8.423,7.88,55.09,3,0,16.05,71.67,1,0
12.51,71.4,44.67,4.091,5.875,3.52,57.94,9,0,15.83,29.82,2,0
11.92,45.97,51.58,1.432,2.305,10.42,105.51,57,2,12.01,81.8,1,0
17.86,33.52,37.09,8.677,11.165,9.75,45.71,23,0,19.56,84.97,2,0
17.99,31.69,56.57,2.565,2.736,6.11,69.02,35,0,9.28,56.41,1,0
9.54,30.33,98.14,1.104,1.172,6.28,80.37,3,1,0.79,58.06,1,0
2.17,83.78,93.2,6.069,7.75,4.96,56.12,6,2,16.39,50.15,1,1
13.24,55.14,61.04,1.566,0.802,13.54,59.67,24,0,4.43,45.9,3,0
17.59,41.66,75.31,1.681,1.683,12.32,55.53,43,2,3.52,85.47,3,0
6.07,89.19,74.72,8.163,11.26,8.73,64.16,47,0,1.4,42.87,3,0
8.57,88.68,93.01,5.323,8.325,6.82,102.9,54,2,6.56,50.21,3,0
7.93,73.92,51.54,3.022,4.578,10.84,70.21,12,0,6.52,42.49,2,0
1.4,113.5,55.75,4.007,3.07,8.33,69.25,12,0,6.06,69.25,1,0
12.26,58.54,56.12,7.509,10.714,13.71,67.06,33,0,11.86,81.07,3,0
6.68,103.59,37.86,1.41,1.402,2.66,107.49,33,1,15.03,32.33,3,0
14.28,27.51,57.03,1.872,2.934,2.41,48.21,2,3,18.76,39.11,2,0
15.06,93.98,96.45,6.47,8.721,8.82,101.03,27,0,1.88,27.81,1,1
14.87,118.84,98.84,6.384,8.445,4.44,62.9,54,0,3.01,32.01,2,1
7.79,104.66,42.67,9.747,13.066,9.25,106.96,9,0,11.8,50.52,2,1
6.13,77.97,67.06,4.246,5.712,11.38,62.07,50,0,1.96,78.19,3,0
13.6,82.68,61.69,1.399,3.098,3.66,45.8,27,1,7.42,60.62,1,0
14.52,55.33,69.26,5.745,7.739,7.29,76.4,31,0,12.49,24.0,2,0
9.1,87.95,73.83,6.673,9.985,10.26,55.95,39,2,15.61,66.88,3,1
16.13,97.04,36.42,2.084,3.66,12.01,92.71,43,2,4.35,79.65,3,1
3.02,119.82,93.96,5.886,8.547,7.96,86.01,38,0,13.36,49.51,1,0
15.88,69.25,103.16,2.619,1.928,4.47,88.05,6,0,12.92,38.38,2,0
2.18,26.13,80.74,8.572,12.577,9.03,53.54,18,3,17.19,77.3,2,1
3.19,79.59,81.23,8.483,11.041,7.45,89.6,51,1,6.27,21.79,2,1
9.84,31.9,71.96,4.753,7.06,11.26,61.79,2,0,15.0,81.17,1,0
1.68,44.48,58.4,9.694,12.212,8.67,109.91,43,0,15.04,80.32,1,0
1.42,52.88,45.43,9.814,12.182,5.35,91.22,31,0,4.78,86.6,1,0
0.51,93.1,75.88,1.989,4.464,11.05,81.33,7,1,12.42,26.71,3,0
8.14,38.38,38.15,4.183,4.786,8.21,100.7,7,0,13.5,28.08,2,0
14.06,36.58,92.72,6.323,9.567,4.13,81.25,59,0,5.49,85.46,1,0
1.11,24.5,64.46,1.581,2.24,8.76,78.69,1,1,9.04,55.64,3,0
11.91,107.32,64.03,4.32,5.454,13.38,56.61,1,0,8.72,49.43,2,0
14.9,89.35,57.9,3.203,4.283,10.47,87.47,1,0,15.47,63.0,2,1
3.44,23.99,102.85,9.559,11.733,5.59,66.23,38,0,0.01,24.39,1,0
3.07,22.83,47.24,4.587,6.18,10.53,43.02,56,1,10.02,68.28,2,0
15.56,75.87,45.59,7.817,9.578,5.39,97.12,10,0,3.69,90.88,2,0
14.9,48.25,46.59,4.358,5.527,8.51,43.63,48,0,12.94,70.68,2,0
9.93,79.67,81.1,2.013,3.55,8.32,87.06,43,2,13.61,54.84,2,0
14.84,63.46,104.43,8.741,12.029,4.97,50.97,14,0,10.02,92.07,2,1
2.12,112.33,51.48,0.804,0.5,6.17,70.28,4,0,10.84,71.64,3,0
7.4,48.78,98.39,1.315,2.541,13.31,100.14,29,1,6.3,24.27,3,0
13.41,87.91,54.5,4.152,5.599,5.01,46.61,4,0,6.27,70.25,2,1
5.01,25.41,80.35,7.119,9.123,11.61,86.7,6,3,14.9,24.48,1,0
13.67,115.59,37.83,3.944,5.996,10.01,82.88,28,1,2.63,43.04,1,0
9.32,118.08,69.7,1.41,1.753,8.39,100.73,49,0,15.43,66.18,1,0
13.63,93.91,80.82,3.724,3.978,3.65,52.09,60,0,13.1,36.17,1,0
8.63,66.52,72.54,3.054,5.786,4.45,95.99,38,0,17.69,22.86,2,0
6.94,42.0,51.65,0.85,1.132,4.15,71.51,16,0,5.2,66.35,1,0
4.34,101.25,92.99,5.72,7.649,9.04,70.01,20,0,10.12,41.44,1,0
4.15,93.64,102.91,1.873,2.164,13.68,65.32,37,0,0.78,59.97,3,0
13.65,42.2,67.14,3.445,5.713,12.53,66.99,10,2,18.25,39.59,1,0
2.58,65.12,79.51,6.699,8.571,2.3,76.4,31,0,13.51,71.48,3,0
2.0,66.28,90.33,7.471,8.695,5.28,47.48,46,1,12.46,87.18,1,0
3.59,102.64,51.9,3.224,3.741,3.89,69.75,51,0,14.65,26.49,2,0
3.57,88.38,95.51,3.829,6.363,13.71,85.64,3,0,5.69,78.97,1,0
14.9,84.32,54.61,3.072,4.896,4.83,74.87,17,0,12.08,31.71,2,0
7.47,84.98,89.31,9.603,12.735,4.42,51.61,15,0,16.02,44.71,1,0
17.83,47.05,42.85,2.553,4.682,9.45,65.41,33,0,1.81,46.8,1,0
2.9,57.17,55.19,2.485,4.028,8.67,71.01,11,0,19.18,35.47,3,0
11.94,24.57,72.35,4.894,6.367,4.71,86.82,57,1,17.84,25.64,3,0
8.35,98.69,71.74,2.542,3.282,10.04,103.05,55,0,19.26,77.64,2,0
7.38,63.3,94.53,2.242,3.323,3.16,78.53,20,0,16.17,79.52,3,0
15.81,63.82,104.73,1.682,1.522,2.23,87.35,24,1,5.89,94.76,3,0
17.57,44.54,42.5,6.69,9.035,2.99,45.4,26,0,11.63,90.1,3,1
15.78,40.94,54.0,6.431,8.96,6.38,106.81,2,0,2.4,52.6,3,0
3.87,78.78,60.03,6.781,7.637,13.7,62.06,54,0,15.08,30.0,1,0
4.36,43.26,68.52,7.914,10.514,8.57,64.8,47,0,3.07,20.8,1,0
11.98,26.42,69.57,3.802,4.861,11.06,55.6,20,0,17.34,59.86,2,0
5.56,96.75,94.93,9.249,13.412,5.86,45.93,33,0,4.81,84.54,2,0
13.36,57.65,88.94,7.545,8.526,10.63,95.3,23,0,3.21,40.09,3,0
10.41,58.02,36.32,8.203,10.731,13.59,56.83,13,0,1.42,34.92,1,1
10.14,63.13,66.85,7.433,9.601,6.29,59.79,18,0,14.23,52.92,1,0
15.0,101.5,78.27,4.098,6.396,13.99,52.73,6,2,3.72,87.01,1,0
12.93,52.08,67.23,3.404,4.556,9.66,108.24,49,0,3.95,53.88,3,0
0.97,95.8,44.15,4.687,7.944,10.98,94.67,39,0,3.39,74.2,3,0
1.37,113.95,62.82,1.693,2.881,5.03,105.09,56,2,6.12,54.69,3,0
11.03,86.09,63.82,4.952,6.316,9.72,100.32,0,0,18.82,47.97,3,0
9.01,63.17,48.14,1.197,1.832,8.13,103.44,38,0,9.73,53.07,3,0
5.05,94.78,87.94,0.836,0.81,13.48,73.53,34,0,5.22,77.63,2,0
7.83,65.79,57.5,9.37,13.423,12.86,51.94,38,1,3.41,76.58,2,0
13.76,61.44,76.23,7.142,8.443,6.76,62.88,60,0,0.38,52.38,1,0
14.97,72.53,71.1,5.969,7.317,13.36,60.47,23,0,7.3,40.07,2,0
10.32,51.77,96.42,3.938,5.727,12.62,90.2,8,3,2.2,30.43,1,0
7.24,30.43,43.54,6.049,9.269,9.08,41.8,0,0,0.54,20.1,3,0
5.24,61.49,43.0,9.002,10.172,2.99,49.94,30,0,2.06,28.49,2,1
9.63,32.39,56.02,6.802,10.42,3.93,87.8,10,0,6.37,32.35,2,0
6.01,61.04,65.19,6.343,8.437,2.92,48.64,8,0,15.02,71.75,2,0
10.37,75.69,55.9,5.034,5.1,3.3,43.38,8,1,1.34,81.34,3,0
12.34,113.07,88.42,3.98,2.672,13.72,47.65,16,3,13.57,75.27,3,0
1.66,23.62,52.17,7.227,8.38,4.55,88.35,7,0,12.41,74.24,2,0
0.52,82.15,40.93,9.825,13.246,10.29,49.75,29,0,17.64,94.57,3,0
4.21,65.77,63.97,4.708,6.296,9.64,50.24,39,0,3.68,92.19,3,0
16.15,22.03,89.14,4.408,6.521,9.57,56.12,17,0,15.89,40.16,3,0
11.81,44.95,94.54,4.739,5.903,4.48,92.56,8,1,17.3,30.88,3,0
3.51,31.85,86.33,4.715,5.368,8.95,54.02,34,0,19.53,31.5,1,0
16.08,41.68,74.05,9.914,13.012,9.51,42.48,5,0,16.17,87.17,2,0
8.72,47.46,85.69,7.302,9.888,8.84,103.41,44,1,2.48,27.68,1,0
8.83,60.13,82.7,4.104,5.749,4.23,101.34,23,2,18.94,45.51,1,0
16.87,72.9,51.41,4.218,4.984,10.68,52.94,25,0,16.3,59.78,2,0
1.54,20.1,73.55,4.763,7.242,2.88,58.57,15,1,4.25,66.01,1,1
4.27,36.19,88.94,1.138,0.977,9.09,53.2,17,0,3.3,64.68,1,0
10.75,29.36,57.2,5.656,6.853,7.24,90.37,8,0,18.73,78.98,3,0
3.92,74.97,80.78,8.265,10.669,5.0,57.5,34,0,3.11,62.88,1,1
12.39,52.91,68.7,6.877,10.252,11.69,105.2,8,1,15.54,83.83,2,0
4.25,74.84,70.22,2.625,3.425,4.11,97.93,41,0,8.11,26.35,3,0
2.24,42.18,41.3,7.498,9.497,13.2,81.19,15,0,14.48,84.42,1,0
4.12,22.42,81.64,7.419,10.849,12.61,40.63,34,1,1.84,64.25,2,0
7.9,114.14,95.6,3.215,6.269,6.33,101.86,32,0,14.5,36.72,3,0
3.58,30.83,44.9,6.53,9.005,5.66,90.94,38,0,10.24,93.33,3,0
2.86,32.69,60.63,6.421,9.778,3.65,95.15,46,0,18.01,90.48,3,0
15.55,34.65,38.41,8.526,12.443,13.0,45.03,34,1,3.77,83.43,2,1
6.11,118.13,37.07,2.052,2.225,9.53,89.6,52,0,2.19,88.37,3,0
6.81,81.77,104.28,2.593,3.524,2.38,96.32,15,1,3.92,48.66,2,0
1.47,81.03,69.54,5.271,5.961,8.13,106.96,45,0,1.57,37.09,2,0
6.75,118.67,59.89,1.206,1.444,3.03,80.63,20,0,19.6,33.72,3,0
5.13,28.84,54.24,4.623,5.678,8.89,75.56,38,1,2.46,85.53,3,0
11.18,117.45,103.6,8.052,10.507,8.11,69.78,30,0,4.02,82.0,2,1
4.09,40.4,52.66,2.168,2.252,2.99,89.09,55,0,16.19,93.57,3,0
16.05,82.31,85.8,5.032,6.534,11.79,104.46,16,0,4.94,83.62,2,0
16.77,62.01,54.86,9.906,13.852,5.15,81.98,31,0,4.45,67.43,1,0
2.25,58.4,39.93,5.454,7.256,8.5,55.91,10,0,13.45,30.67,2,0
2.38,113.12,82.83,5.385,5.591,9.67,41.23,38,2,7.98,32.36,3,0
2.52,34.92,35.11,5.941,7.349,13.55,83.34,2,0,16.71,55.53,2,0
11.34,119.71,82.3,2.511,2.023,7.93,100.52,25,0,12.77,77.58,2,0
2.63,57.91,52.53,2.154,3.127,13.01,44.62,0,0,5.76,33.0,3,0
15.42,84.88,87.23,7.032,9.946,6.26,67.83,19,0,11.96,88.66,3,0
13.7,116.79,88.88,4.441,6.226,12.29,105.8,29,0,17.33,71.28,2,0
14.85,25.76,85.69,3.467,3.972,4.83,75.12,20,2,7.29,43.42,3,0
9.71,112.29,36.71,1.089,1.692,10.49,55.45,23,0,14.73,86.43,2,0
17.94,76.78,84.26,8.584,11.165,3.06,64.76,9,1,8.32,64.9,2,0
1.27,90.44,104.31,1.097,0.5,13.83,68.57,43,0,10.86,74.99,3,0
7.52,34.92,51.98,7.7,11.063,13.45,48.21,48,0,14.67,48.91,1,0
6.17,73.34,54.2,4.314,6.561,7.31,86.26,27,2,1.21,49.52,1,0
17.1,87.35,91.95,6.308,9.37,8.29,81.45,3,0,9.1,20.95,1,0
10.6,65.62,46.23,3.079,3.609,9.17,85.34,3,0,1.9,60.34,3,0
14.61,35.5,81.24,2.23,4.071,5.3,82.76,41,1,14.5,77.06,1,0
3.48,44.41,87.85,5.707,7.26,10.09,41.17,56,2,12.16,92.66,3,1
17.63,105.44,37.6,7.2,10.308,10.38,52.21,52,0,6.54,86.92,3,1
9.23,23.45,73.76,2.599,3.048,8.3,51.59,24,0,1.53,26.52,3,0
9.14,90.89,75.31,4.815,6.298,3.77,46.86,30,0,18.52,93.54,3,0
17.49,119.94,56.24,4.891,4.424,13.03,91.48,9,3,6.3,31.21,3,1
7.16,20.75,96.34,2.787,3.491,3.38,48.41,4,0,5.51,23.08,1,0
7.46,36.1,46.39,5.998,8.18,9.55,86.77,46,0,2.02,76.17,3,0
10.73,87.41,60.49,2.143,2.523,3.24,52.49,26,0,11.55,87.94,1,0
2.74,26.0,94.41,5.49,8.992,3.75,48.28,30,0,5.31,91.23,2,0
6.12,78.98,48.34,1.844,1.443,2.25,51.38,20,0,16.86,81.87,3,0
3.88,88.4,92.5,5.267,6.603,6.36,75.59,19,0,13.66,35.37,1,0
2.31,78.81,40.53,3.667,4.136,9.67,85.18,60,0,0.08,31.55,1,0
15.66,56.52,69.25,4.961,6.189,8.26,96.83,49,1,11.31,24.42,3,1
10.81,89.73,40.27,4.79,7.395,10.09,49.0,42,0,4.64,63.65,1,0
6.78,79.43,82.45,9.153,13.687,10.1,83.13,23,0,0.31,56.54,1,1
7.65,40.76,90.34,5.307,6.534,3.68,94.17,44,0,12.39,28.2,1,0
8.05,76.31,94.49,8.33,10.595,2.69,61.87,20,0,4.1,54.86,1,1
11.58,108.19,103.69,2.876,2.841,9.5,45.58,31,0,17.99,62.55,2,0
16.72,86.68,82.04,4.039,6.629,9.84,50.92,8,0,11.47,74.22,3,0
16.82,67.18,88.83,1.491,3.022,8.68,46.41,43,0,4.18,51.06,2,0
7.35,52.16,70.4,4.671,6.21,4.95,102.1,3,0,19.58,43.88,1,0
6.26,28.59,98.89,6.952,8.129,11.73,66.37,44,0,10.93,69.93,3,0
8.39,44.46,80.06,8.511,10.314,2.91,76.63,36,0,3.31,71.32,2,0
10.44,21.12,96.85,6.006,8.262,9.59,93.81,4,0,10.34,40.28,1,0
8.58,118.66,51.48,6.689,9.524,3.44,66.0,30,0,19.19,21.49,2,0
12.03,42.25,69.77,2.431,1.422,9.85,85.44,13,0,8.48,90.93,1,0
10.2,101.49,86.09,1.142,1.253,7.01,45.37,29,0,8.51,76.65,2,0
6.11,36.86,49.19,8.084,12.369,10.62,73.66,0,0,9.22,35.08,3,0
6.55,48.36,49.79,2.337,2.959,2.63,46.76,44,0,5.6,62.42,2,0
7.13,61.83,103.46,1.639,3.553,8.66,57.38,31,1,3.24,64.62,3,0
2.16,52.44,65.42,9.426,13.309,3.74,60.53,22,0,11.58,29.45,3,0
3.41,99.84,47.73,9.664,12.071,10.19,90.23,53,0,17.88,34.37,2,0
13.15,115.77,58.2,6.47,8.471,3.44,87.19,39,0,14.71,91.75,3,1
7.31,107.53,62.82,4.283,5.667,2.88,92.3,37,0,1.92,58.1,3,1
